"program_name","policy_url","submission_url","launch_date","bug_bounty","swag","hall_of_fame","safe_harbor"
"(ISC)Â²","https://bugcrowd.com/isc2","https://bugcrowd.com/isc2/report","",false,false,true,"partial"
".nz Registry","https://registry.internetnz.nz/about/vulnerability-disclosure-policy/","security@internetnz.net.nz","",false,false,true,"partial"
"0x Project","https://blog.0xproject.com/announcing-the-0x-protocol-bug-bounty-b0559d2738c","team@0xproject.com","",true,false,false,""
"123 Contact Form","http://www.123contactform.com/security-acknowledgements.htm","https://www.123formbuilder.com/contactus.html","",false,false,true,""
"18F","https://18f.gsa.gov/vulnerability-disclosure-policy/","tts-vulnerability-reports@gsa.gov","",false,false,false,"full"
"1Password Game","https://bugcrowd.com/agilebits","https://bugcrowd.com/agilebits/report","",true,false,true,"full"
"21 Century Fox","https://www.21cf.com/responsible-vulnerability-disclosure-policy/","disclosures@21cf.com","",false,false,false,"partial"
"23andme","https://www.23andme.com/security-report/","https://www.23andme.com/security-report/","",true,false,false,""
"4chan","https://www.4chan.org/security","security@4chan.org","",false,true,true,""
"98 Point 6","https://www.98point6.com/responsible-disclosure-policy/","security@98point6.com","",false,false,true,"partial"
"ABNAMRO BANK","http://personal.rbs.co.uk/personal/security-centre/responsible-disclosure.html","security.disclosures@rbs.co.uk","",false,false,true,""
"AOL","https://contact.security.aol.com/","secvuln@teamaol.com","",false,false,true,""
"ARK Ecosystem","https://bugcrowd.com/arkecosystem","https://bugcrowd.com/arkecosystem/report","",true,false,true,"partial"
"ARM mBed","https://tls.mbed.org/c-library-bug-bounty-program","Support.mbedtls@arm.com","",true,false,true,""
"ASN Bank","https://www.devolksbank.nl/veiligheid.html","responsible-disclosure@devolksbank.nl","",false,false,false,""
"AT&T","https://bugbounty.att.com/","https://bugbounty.att.com/bugform.php","",true,false,true,""
"Abbott","https://www.abbott.com/policies/cybersecurity/cybersecurity-coordinated-product-disclosure.html","cybersecurity@abbott.com","",false,false,false,""
"Abn Amro","https://www.abnamro.com/en/footer/responsible-disclosure.html","responsible.disclosure@nl.abnamro.com","",true,false,false,"partial"
"Accenture","https://www.accenture.com/us-en/company-accenture-responsible-disclosure","Res.Disclosure@accenture.com","",false,false,false,"partial"
"Accredible","https://www.accredible.com/white_hat/","security@accredible.com","",true,false,false,""
"Acorns LLC","https://bugcrowd.com/acorns","https://bugcrowd.com/acorns/report","",true,false,true,"full"
"Acquia","https://www.acquia.com/how-report-security-issue","security@acquia.com","",false,false,true,""
"Actility","https://www.actility.com/company/security/","http://app.yogosha.com/","",true,false,false,""
"ActiveProspect","https://activeprospect.com/security/","security@activeprospect.com","",false,false,true,"partial"
"Adobe","https://helpx.adobe.com/security/alertus.html","PSIRT@adobe.com","",false,false,true,""
"Aerohive","http://www.aerohive.com/support/security-center","security@aerohive.com","",false,false,false,""
"Aeternity","https://hackerone.com/aeternity","","",true,false,true,"full"
"Affiliate Coin","https://www.affiliatecoin.io/en/bounty","contact@affiliatecoin.io","",true,false,false,""
"Aion","https://aion.network/terms-bounty/","secure@Aion.network","",true,false,false,""
"Air Miles","https://www.airmiles.nl/responsible-disclosure","security.privacy@airmiles.nl","",true,false,false,""
"Air Miles Shop","https://www.airmilesshop.nl/responsible-disclosure","klantenservice@airmilesshop.nl","",false,true,true,"partial"
"Airbnb","https://www.airbnb.com/security","https://hackerone.com/airbnb/","",true,false,true,""
"Airforce Mining","https://airforcemining.com/bounty","https://goo.gl/forms/b5lDTna3Gh8KYvFn1","",true,false,false,""
"Airtable","https://airtable.com/security","security@airtable.com","",true,false,false,""
"Albert Heijn","https://www.ah.nl/kwetsbaarheid-melden","ad.itsecurity.group@aholddelhaize.com","",true,true,true,""
"Alcatel Lucent","https://www.al-enterprise.com/en/support/security-advisories","psirt@al-enterprise.com","",false,false,false,""
"Alcyon","http://www.alcyon.nl/responsible-disclosure/","security@alcyon.nl","",false,true,false,""
"Algolia","https://www.algolia.com/security","https://hackerone.com/algolia","",true,false,true,""
"Algorand","https://bugcrowd.com/algorand","https://bugcrowd.com/algorand/report","",true,false,true,"full"
"Alibaba","https://security.alibaba.com/","security@service.alibaba.com","",true,false,true,"partial"
"Alienvault","https://www.alienvault.com/documentation/usm-appliance/system-overview/how-to-submit-a-security-issue-to-alienvault.htm","https://hackerone.com/alienvault_security","",false,false,true,""
"Aliexpress","https://security.alibaba.com/","security@service.alibaba.com","",true,false,true,"partial"
"Altervista","https://en.altervista.org/feedback.php?who=feedback","https://en.altervista.org/feedback.php?who=feedback","",false,false,true,""
"Altilly","https://www.altilly.com/page/security","https://www.altilly.com/page/security","",true,false,false,""
"Amara","http://amara.org/en/security","security@amara.org","",false,false,true,""
"Amazon","http://www.amazon.com/gp/help/customer/display.html/ref=hp_left_v4_sib?ie=UTF8&nodeId=201182150","http://www.amazon.com/gp/help/customer/display.html/ref=hp_left_v4_sib?ie=UTF8&nodeId=201182150","",false,false,false,""
"Amazon Web Services","http://aws.amazon.com/security/vulnerability-reporting","aws-security@amazon.com","",false,false,false,""
"American Express","https://www.americanexpress.com/us/security-center/responsible-disclosure-policy/","responsible.disclosure@aexp.com","",false,false,false,""
"Amitree Inc","https://hackerone.com/amitree_inc","https://hackerone.com/amitree_inc","",false,false,true,""
"Ancientbrain","https://ancientbrain.com/bugs.php","bugs@ancientbrain.com","",true,false,false,""
"Android","https://www.google.com/about/appsecurity/android-rewards/","https://www.google.com/appserve/security-bugs/m2/new","",true,false,true,""
"Apache","https://www.apache.org/security/","security@apache.org","",true,false,false,""
"Apache (Bug Bounty)","https://hackerone.com/ibb-apache","","",true,false,true,""
"Apache httpd","https://www.apache.org/security/","security@apache.org","",true,false,true,""
"Apparmor","https://www.apparmor.com/About/Security/Disclosure/","support@apparmor.com","",false,false,false,""
"Appcelerator","https://www.appcelerator.com/privacy/responsible-disclosure-of-security-vulnerabilities/","appc.support@axway.com","",false,false,true,""
"Apple","https://developer.apple.com/bug-reporting/","https://bugreport.apple.com/","",false,false,true,""
"Appoptics","https://www.appoptics.com/security","psirt@solarwinds.com","",false,false,false,""
"Apptentive","https://www.apptentive.com/contact","https://www.apptentive.com/about/contact-us/","",false,false,false,""
"Aptible","https://www.aptible.com/legal/responsible-disclosure/","security@aptible.com","",false,false,false,""
"Aragon","https://blog.aragon.org/aragon-token-sale-bug-bounty-a15d192902e9/","security@aragon.one","",true,false,false,""
"Arduino","https://www.arduino.cc/en/Main/Security","security@arduino.cc","",false,false,false,"partial"
"Ark","https://blog.ark.io/ark-github-development-bounty-113806ae9ffe","security@ark.io","",true,false,false,""
"Arkadiyt Projects","https://hackerone.com/arkadiyt-projects","","",false,false,true,"full"
"Arkose Labs","https://bugcrowd.com/arkose-labs","https://bugcrowd.com/arkose-labs/report","",true,false,true,"partial"
"Arlo - Cash Rewards Program","https://bugcrowd.com/arlo","https://bugcrowd.com/arlo/report","",true,false,true,"partial"
"Arlo - Kudos Program","https://bugcrowd.com/arlokudos","https://bugcrowd.com/arlokudos/report","",false,false,true,"partial"
"Artsy","https://www.artsy.net/security","security@artsy.net","",true,false,false,""
"Asana","https://asana.com/bounty","security@asana.com","",true,false,false,""
"Aspen","https://hackerone.com/aspen","","",false,false,true,""
"Assuring Medical Apps","https://assuringapps.com/en/responsible-disclosure/","https://assuringapps.com/en/contact-us/","",true,false,false,"partial"
"Asterisk","https://wiki.asterisk.org/wiki/display/AST/Asterisk+Bug+Bounties","http://lists.digium.com/mailman/listinfo/asterisk-dev","",true,false,false,""
"Atlassian","https://bugcrowd.com/atlassian","https://bugcrowd.com/atlassian/report","",true,false,true,"full"
"Atlassian - Opsgenie","https://bugcrowd.com/opsgenie","https://bugcrowd.com/opsgenie/report","",true,false,true,"full"
"Augur","https://www.augur.net/bounty/","bounty@augur.net","",true,false,false,"partial"
"Augur Project","https://www.augur.net/bounty/","https://hackerone.com/augurproject","",true,false,true,"full"
"Australian Postal Corporation","https://auspost.com.au/about-us/about-our-site/responsible-disclosure","security@auspost.com.au","",false,false,true,""
"Auth0","https://auth0.com/responsible-disclosure-policy/","https://auth0.com/responsible-disclosure-policy/","",false,false,true,"partial"
"Autodesk","https://www.autodesk.com/trust/incident-response","https://www.autodesk.com/trust/report-an-issue","",false,false,false,""
"Automattic","http://automattic.com/security/","https://hackerone.com/automattic","",false,false,true,""
"Avalara","https://www.avalara.com/us/en/legal/responsible-disclosure.html","information.security@avalara.com","",false,false,true,""
"Avast!","http://www.avast.com/bug-bounty","bugs@avast.com","",true,false,false,""
"Avira","https://www.avira.com/en/support-vulnerability","vulnerabilities@avira.com","",true,false,true,""
"Avito","https://hackerone.com/avito","","",false,false,true,""
"Ayden","https://support.adyen.com/hc/en-us/articles/115001187330-How-do-I-report-a-possible-security-issue-to-Adyen-","https://support.adyen.com/hc/en-us/requests/new","",false,false,false,""
"Ayers Rock Resort","https://www.ayersrockresort.com.au/terms-and-conditions/security","vulnerability@voyages.com.au","",false,false,true,"partial"
"BASF","https://www.basf.com/global/en/legal/responsible-disclosure-statement.html","securemail@basf.com","",false,true,true,""
"BBC","https://www.bbc.com/backstage/security-disclosure-policy/","mailo:security@bbc.co.uk","",false,false,true,"partial"
"BD","https://www.bd.com/en-us/support/product-security-and-privacy/","productsecurity@bd.com","",false,false,false,""
"BMW","https://www.bmwgroup.com/en/general/Security.html","report-vulnerabilities@bmwgroup.com","",false,false,true,""
"BTX Trader","https://www.btxtrader.com/bugbounty.html#/bugbounty","security@btxtrader.com","",false,false,false,""
"Backblaze","https://hackerone.com/backblaze","https://hackerone.com/backblaze","",true,false,true,""
"Badoo","http://corp.badoo.com/security","https://hackerone.com/badoo","",true,false,true,""
"Barracuda Networks","https://bugcrowd.com/barracuda","https://bugcrowd.com/barracuda/report","",false,false,true,"partial"
"Base","https://getbase.com/security/","https://bugbounty.getbase.com/","",false,false,true,""
"Basecamp","https://basecamp.com/about/policies/security/response","security@basecamp.com","",false,false,true,""
"Basware","https://www.basware.com/en-us/responsible-disclosure","secure@basware.com","",false,false,false,""
"Beanstalk","http://support.beanstalkapp.com/customer/portal/articles/1317175-responsible-disclosure-policy","https://wildbit.wufoo.com/forms/wildbit-security-response/","",false,false,false,""
"Belgium Telenet","http://binaries.telenet.be/onlinesupport/pdf/responsible_disclosure_policy_en.pdf","https://www.intigriti.com/public/company/telenet","",false,false,false,"partial"
"Better","https://bugcrowd.com/better","https://bugcrowd.com/better/report","",true,false,true,"full"
"Beyond Security","https://www.beyondsecurity.com/ssd.html","contact@ssd-disclosure.com","",true,false,false,""
"Beyond Trust","https://www.beyondtrust.com/disclosure","secure@beyondtrust.com","",false,false,false,""
"BiMserver","http://bimserver.org/about/bug-bounty/","https://github.com/opensourceBIM/BIMserver/issues/","",true,false,false,""
"Bime","https://www.zendesk.com/company/policies-procedures/#responsible-disclosure-policy","https://hackerone.com/bime","",true,false,true,""
"Binance","https://bugcrowd.com/binance","https://bugcrowd.com/binance/report","",true,false,true,"partial"
"Binary","https://hackerone.com/binary","","",true,false,true,""
"Binder","https://binder.works/responsible-disclosure-program/","security@binder.works","",false,false,false,"partial"
"Bing","https://technet.microsoft.com/en-us/security/ff852094.aspx","secure@microsoft.com","",false,false,false,""
"BitMEX","https://www.bitmex.com/app/security","support@bitmex.com","",true,false,false,""
"BitMark","https://bitmark.com/developers/bug-bounty","security@bitmark.com","",true,false,false,"partial"
"BitWall","https://firebounty.com/520-bitwall-security","request@bitwall.io","",false,false,true,""
"Bitcoin Gold","https://github.com/BTCGPU/dev/blob/master/responsible-disclosure.md","admin@bitcoingold.org","",true,false,false,""
"Bitcoin.de","https://www.bitcoin.de/en/bug-bounty","bugs2019@bitcoin.de","",false,false,false,""
"Bitdefender","https://bugcrowd.com/bitdefender","https://bugcrowd.com/bitdefender/report","",true,false,true,"full"
"Bitdefender Box v2","https://bugcrowd.com/bitdefenderbox2","https://bugcrowd.com/bitdefenderbox2/report","",true,false,true,"full"
"Bitpay","https://support.bitpay.com/hc/en-us/articles/204229369-Does-BitPay-have-a-bug-bounty-program-","disclosure@bitpay.com","",true,false,false,"partial"
"Bitsoffreedom","https://www.bitsoffreedom.nl/coordinated-vulnerability-disclosure-en/","security@bof.nl","",true,false,true,""
"Bitwarden","https://hackerone.com/bitwarden","","",false,false,true,""
"Bizmerlin","https://www.bizmerlin.com/responsible-disclosure-policy/","https://bizmerlin.freshdesk.com/support/login","",false,false,true,""
"Blackberry","https://global.blackberry.com/secure/report-an-issue/en.html","secure@blackberry.com","",false,false,false,""
"Blackboard","https://www.blackboard.com/legal/security-policy.html","learnsecurity@blackboard.com","",false,false,true,""
"Blend","https://bugcrowd.com/blend","https://bugcrowd.com/blend/report","",true,false,true,"partial"
"Blinkforhome","https://blinkforhome.com/pages/responsible-disclosure-policy?locale=en","info@blinkforhome.com","",false,false,false,"partial"
"Block.One","https://hackerone.com/eosio","","",true,false,true,"full"
"Blockchain","https://hackerone.com/blockchain","","",true,false,true,""
"Blockimmo","https://hackerone.com/blockimmo","","",true,false,true,"full"
"Blockstack","https://hackerone.com/blockstack","","",true,false,true,""
"Blogger","http://www.google.com/about/appsecurity/reward-program/","https://www.google.com/appserve/security-bugs/m2/new?rl=&key=","",true,false,true,""
"Blue Jeans Network","https://bugcrowd.com/bluejeans","https://bugcrowd.com/bluejeans/report","",false,false,true,"partial"
"Bosch","https://psirt.bosch.com/en/responsibleDisclosurePolicy.html","psirt@bosch.com","",false,false,true,"partial"
"Boston Scientific","http://www.bostonscientific.com/en-US/customer-service/product-security/responsible-disclosure.html","product.security@bsci.com","",false,false,false,""
"Box","https://www.box.com/about-us/security/","security-reports@box.com","",false,false,false,""
"Braintree","https://www.braintreepayments.com/developers/disclosure","ppbugbounty@paypal.com","",false,false,true,""
"Brave","https://hackerone.com/brave?view_policy=true","https://hackerone.com/brave/reports/new","2016",true,true,true,""
"Buddy","https://buddy.works/disclosure-policy","security@buddy.works","",false,false,true,""
"Buffer","https://bufferapp.com/security","security@bufferapp.com","",false,false,true,""
"Bugcrowd","https://bugcrowd.com/bugcrowd","https://bugcrowd.com/bugcrowd/report","",true,false,true,"full"
"Bugify","https://bugify.com/security","security@bugify.com","",false,false,true,""
"Buku","https://buku.io/en/security/","security@buku.io","",false,false,false,"partial"
"Bumble","https://hackerone.com/bumble","","",true,false,true,""
"Bunq","https://www.bunq.com/assets/media/legal/en/20161114_Responsible_Disclosure_Policy_EN.pdf","responsible-disclosure@bunq.com","",true,true,false,"partial"
"Bynder","https://www.bynder.com/en/legal/responsible-disclosure-policy/","security@bynder.com","",false,false,true,"partial"
"CCV EU","https://www.ccv.eu/responsible-disclosure/","security@ccv.eu","",true,false,false,"partial"
"CERT/CC","https://vuls.cert.org/confluence/display/Wiki/Vulnerability+Disclosure+Policy","https://www.kb.cert.org/vuls/report/","1988-12-01",false,false,true,""
"CFP Time","https://hackerone.com/cfptime","","",false,false,true,""
"cPanel","https://cpanel.net/cpanel-security-bounty-program/","security@cpanel.net","",true,false,true,""
"cPaperless","https://www.cpaperless.com/security-statement/","support@cPaperless.com","",false,false,false,""
"Caffeine","https://bugcrowd.com/caffeine","https://bugcrowd.com/caffeine/report","",true,false,true,"full"
"Capital One","https://www.capitalone.com/applications/responsible-disclosure/","https://hackerone.com/capital-one","",false,false,false,""
"Carbon Black","https://www.carbonblack.com/resources/reporting-security-vulnerability/","productsecurity@carbonblack.com","",false,false,false,""
"Casper","https://hackerone.com/casper","","",true,false,true,""
"Castle Gate IT","https://www.castlegateit.co.uk/docs/ethical-policy.pdf","https://www.castlegateit.co.uk/contact/","",false,false,false,"partial"
"Catawiki","https://www.catawiki.com/conditions/responsible-disclosure.pdf","https://app.zerocopter.com/rd/68657721-53b5-48c3-b9b4-bc0175d0a4f7","",false,false,false,"partial"
"Caterpiller","https://www.cat.com/en_US/support/maintenance/c/report-potential-information-security-vulnerabilities.html","ProductSecurity@cat.com","",false,false,false,""
"Centrify","https://bugcrowd.com/centrify","https://bugcrowd.com/centrify/report","",true,false,true,"partial"
"ChainRift","https://medium.com/chainrift/chainrift-launches-bug-bounty-program-6255eb2d518d","support@chainrift.com","",true,false,false,"full"
"Chainlink","https://hackerone.com/chainlink","https://hackerone.com/chainlink","",true,false,true,"full"
"Chameleon","https://www.trychameleon.com/security/disclosure","https://www.trychameleon.com/security/disclosure","",true,false,true,""
"Channable","https://www.channable.com/wp-content/uploads/2018/12/Responsible-disclosure-of-security-vulnerabilities.pdf","security@channable.com","",false,false,false,"partial"
"Chargify","https://www.chargify.com/security/","security@chargify.com","",false,false,false,""
"Chase","https://www.chase.com/digital/resources/privacy-security/security/vulnerability-disclosure","responsible.disclosure@jpmchase.com","",false,false,false,"partial"
"Chaturbate","https://hackerone.com/chaturbate","","",true,false,true,"full"
"Circ.lu","https://www.circl.lu/pub/responsible-vulnerability-disclosure","https://www.circl.lu/report/","",false,false,false,""
"CircleCi","https://circleci.com/security","security@circleci.com","",false,true,false,""
"Cisco","https://tools.cisco.com/security/center/resources/security_vulnerability_policy.html","psirt@cisco.com","",false,false,false,""
"Cisco Meraki","https://bugcrowd.com/ciscomeraki","https://bugcrowd.com/ciscomeraki/report","",true,false,true,""
"City-Data.com","http://www.city-data.com/bug-bounty.html","http://www.city-data.com/bug-bounty-report.php","",true,false,true,"partial"
"Classdojo","https://www.classdojo.com/securitydisclosureprogram/","security@classdojo.com","",true,false,false,""
"Clause","https://clause.io/security","security@clause.io","",true,false,true,""
"Clipperz","https://clipperz.is/security_privacy/responsible_disclosure_policy/","security@clipperz.is","",false,false,true,"partial"
"Cloud9 IDE","https://c9.io/security","security@c9.io","",false,false,false,""
"CloudFlare","https://www.cloudflare.com/disclosure","https://hackerone.com/cloudflare","",false,false,true,""
"Cloudapp","https://get.cloudapp.help/hc/en-us/articles/223617748-Responsible-Disclosure-Report-found-vulnerabilities","support@getcloudapp.com","",false,false,true,"partial"
"Cloudinary","https://bugcrowd.com/cloudinary","https://bugcrowd.com/cloudinary/report","",true,false,true,"full"
"Cloudways","https://bugcrowd.com/cloudways","https://bugcrowd.com/cloudways/report","",true,false,true,"partial"
"ClubCollect","https://www.clubcollect.com/en/responsible-disclosure/","rd@clubcollect.com","",false,false,false,"partial"
"CNote","https://www.mycnote.com/vulnerability-disclosure-program/","security@cmycnote.com","",false,false,false,"full"
"Co-Operative bank","https://www.co-operativebank.co.uk/global/security/responsible-security-disclosure","securitydisclosures@co-operativebank.co.uk","",false,false,false,""
"Coalition","https://hackerone.com/coalition","","",false,false,true,""
"Cobalt","https://cobalt.io/security/practices","security@cobalt.io","",false,false,true,""
"Cobinhood","https://hackerone.com/cobinhood","","",true,false,true,"full"
"Code Climate","https://codeclimate.com/security","security@codeclimate.com","",false,false,true,""
"Codeigniter","https://hackerone.com/codeigniter","","",false,false,true,""
"CoinJar","https://www.coinjar.com/bounty","security@coinjar.com","",true,false,false,""
"Coinbase","https://coinbase.com/whitehat","https://hackerone.com/coinbase","",true,false,true,"full"
"Coinpayments","https://www.coinpayments.net/help-bug-bounty","security@coinpayments.net","",true,false,true,""
"Cointal","https://www.cointal.com/page/security","help@cointal.com","",true,false,false,""
"Cointracker","https://www.cointracker.io/security","security@cointracker.io","",true,false,false,"full"
"Commonsware","http://commonsware.com/bounty.html","ummmmm-hi@commonsware.com","",false,true,false,""
"Compose","https://www.compose.io/security","security@compose.io","",false,false,true,""
"Conclusion","https://www.conclusion.nl/kleine-lettertjes/responsible-disclosure","cvd@conclusion.nl","",false,true,true,"partial"
"Concrete5","https://www.concrete5.org/developers/security","security@concrete5.org","",false,false,true,""
"Constant Contact","https://bugcrowd.com/constantcontact","https://bugcrowd.com/constantcontact/report","",false,false,true,"partial"
"Contrast Security","https://www.contrastsecurity.com/disclosure-policy","security@contrastsecurity.com","",false,false,false,""
"Copper","https://hackerone.com/copper","https://hackerone.com/copper","",false,false,true,""
"CoreOS","https://coreos.com/security/disclosure/","security@coreos.com","",false,false,false,""
"Coupa","http://www.coupa.com/success/vulnerability-reporting-policy","security@coupa.com","",false,false,false,""
"Coursera","https://hackerone.com/coursera","","",false,false,true,""
"Craigslist","https://www.craigslist.org/contact?step=form&reqType=security","https://sfbay.craigslist.org/contact?step=form&reqType=security","",false,false,false,""
"Credit Karma","https://bugcrowd.com/creditkarma","https://bugcrowd.com/creditkarma/report","",true,false,true,"partial"
"Crowdstrike","https://hackerone.com/crowdstrike","","",true,false,true,""
"Crypto","https://hackerone.com/crypto","","",true,false,true,""
"Curl","https://hackerone.com/curl","https://hackerone.com/curl","",true,false,true,"full"
"Currencycloud","https://www.currencycloud.com/legal/responsible-disclosure/","security@currencycloud.com","",false,false,true,""
"Customer Insight","https://customerinsight.ca/CI/security-statement/","admin@customerinsight.ca","",false,false,false,""
"Cuvva","https://hackerone.com/cuvva","","",false,false,true,"partial"
"Cyber Sprint","https://www.cybersprint.com/responsible-disclosure/","soc@cybersprint.com","",false,false,false,""
"Cybermarqt","https://cybermarqt.com/responsible-disclosure","info@cybermarqt.com","",false,false,true,"partial"
"DJI","https://security.dji.com/policy","","",true,true,true,"full"
"DNN Corporation","http://www.dnnsoftware.com/platform/share/bug-reporting","https://dnntracker.atlassian.net/secure/Dashboard.jspa","",false,false,false,""
"DNSimple","https://dnsimple.com/security","security@dnsimple.com","",false,false,true,""
"DPD","https://getdpd.com/security/","security@dpd.zendesk.com","",true,false,true,"partial"
"Dailymotion","https://yeswehack.com/programs/dailymotion-public-bug-bounty","https://yeswehack.com/programs/dailymotion-public-bug-bounty/create-report","",true,false,false,"full"
"Danske Bank","https://danskebank.com/responsible-disclosure","soc_itops@danskebank.com","",false,false,false,""
"Dashlane","https://hackerone.com/dashlane","","",true,false,true,""
"Data Processing","https://hackerone.com/ibb-data","","",true,false,true,""
"Dato Capital","https://en.datocapital.com/report-security-issue.html","security@datocapital.com","",false,false,true,""
"DeNederlandscheBank","https://www.dnb.nl/en/responsible-disclosure/index.jsp","cvd@dnb.nl","",true,false,false,""
"Debian Security Tracker","http://www.debian.org/Bugs/","https://www.debian.org/Bugs/","",false,false,false,""
"DefectDojo","https://hackerone.com/defectdojo","https://hackerone.com/defectdojo","",false,false,true,"full"
"Delight.im","https://hackerone.com/delight_im","","",true,false,true,""
"Deliveroo","https://hackerone.com/deliveroo","","",true,false,true,""
"Dell","https://bugcrowd.com/dell","https://bugcrowd.com/dell/report","",false,false,true,"partial"
"Department Of Defense","https://hackerone.com/deptofdefense","","",false,false,true,""
"Deps","https://www.deps.co/security/","security@deps.co","",false,false,false,"partial"
"Deribit","https://www.deribit.com/pages/information/bug-bounty-program","support@deribit.com","",true,false,true,"partial"
"Detectify","https://detectify.com/responsible_disclosure","disclosure@detectify.com","",false,false,true,""
"Deutsche Telekom","https://www.telekom.com/en/corporate-responsibility/data-protection-data-security/security/details/closing-security-gaps-360054","bugbounty@t-mobile.cz","",true,false,true,""
"dfuse Platform","https://hackerone.com/dfuse","https://hackerone.com/dfuse","",true,false,true,""
"Digital Asset","https://www.digitalasset.com/security","security@digitalasset.com","",false,false,true,"partial"
"DigitalOcean","https://bugcrowd.com/digitalocean","https://bugcrowd.com/digitalocean/report","",true,false,true,"partial"
"Directly","https://bugcrowd.com/directly","https://bugcrowd.com/directly/report","",true,false,true,"full"
"Discourse","https://hackerone.com/discourse","https://hackerone.com/discourse","",true,false,true,""
"Django","https://hackerone.com/django","","",true,false,true,""
"Domino's","https://dominos.responsibledisclosure.com/hc/en-us","https://dominos.responsibledisclosure.com/hc/en-us/requests/new","",false,false,true,""
"Dovecot","https://hackerone.com/dovecot","","",true,true,true,""
"Dream11","https://www.dream11.com/security/rvdp","security@dream11.com","",false,false,false,"partial"
"Dropbox","https://hackerone.com/dropbox","","",true,false,true,"full"
"Drugs.com","https://www.drugs.com/support/responsible-disclosure-policy.html","security@drugs.com","",false,false,true,"partial"
"Drupal","https://www.drupal.org/drupal-security-team","security@drupal.org","",false,false,true,""
"DuckDuckGo","https://hackerone.com/duckduckgo","https://hackerone.com/duckduckgo","",false,false,true,""
"eBay","https://pages.ebay.com/securitycenter/security_researchers.html","https://pages.ebay.com/securitycenter/security_researchers_report_form.html","",false,false,true,""
"Eclipse","http://www.eclipse.org/security/","security@eclipse.org","",false,false,false,""
"Ecobee","https://hackerone.com/ecobee","https://hackerone.com/ecobee","",false,false,true,"full"
"Ed","https://hackerone.com/ed","","",false,false,true,"full"
"Edmodo","","privacy@edmodo.com","",false,true,false,""
"Eero","https://bugcrowd.com/eero","https://bugcrowd.com/eero/report","",false,true,true,"partial"
"Electroneum","https://hackerone.com/electroneum","","",true,false,true,""
"Electronic Frontier Foundation","https://www.eff.org/security","vulnerabilities@eff.org","",false,true,true,"partial"
"Eligible","https://eligible.com/responsible_disclosure_program","security@eligible.com","",true,false,false,""
"Elive","https://www.elvie.com/security-research-and-responsible-disclosure","security@elvie.com","",false,false,true,"partial"
"Eneco Group","https://www.enecogroup.com/responsible-disclosure/","https://app.zerocopter.com/nl/rd/8833c2eb-5018-4cd0-9cd1-418ef7bdd6e7","",false,false,false,"partial"
"Envato","http://webuild.envato.com/helpful-hacker/","https://help.market.envato.com/hc/en-us/requests/new?ticket_form_id=38490","",false,false,true,""
"Eobot","https://hackerone.com/eobotcom","","",true,false,true,""
"Equifax","https://hackerone.com/equifax","https://hackerone.com/equifax","",false,false,true,""
"Eset","https://www.eset.com/int/security-vulnerability-reporting/","security@eset.com","",false,false,false,""
"Eslint","https://hackerone.com/eslint","","",false,false,true,""
"Etsy","https://bugcrowd.com/etsy","https://bugcrowd.com/etsy/report","",true,false,true,"partial"
"Eurid","https://eurid.eu/lv/other-infomation/eurid-responsible-disclosure-policy/","security.office@eurid.eu","",true,false,false,""
"Event Espresso","https://eventespresso.com/report-a-security-vulnerability/","https://eventespresso.com/report-a-security-vulnerability/","",false,false,false,""
"Eventbrite","http://www.eventbrite.com/security/","security@eventbrite.com","",false,false,true,""
"Evernote","https://evernote.com/security/report-issue","security@evernote.com","",false,false,true,""
"Expatistan","http://www.expatistan.com/security","gerardo@expatistan.com","",false,false,true,""
"ExpressionEngine","https://hackerone.com/expressionengine","","",false,false,true,""
"F Secure","https://www.f-secure.com/en/web/labs_global/vulnerability-reward-program","security@f-secure.com","",true,false,false,""
"F5 Networks","https://support.f5.com/csp/article/K4602","f5sirt@f5.com","",true,false,false,""
"FFmpeg","http://www.ffmpeg.org/security.html","ffmpeg-security@ffmpeg.org","",false,false,false,""
"FUSION","https://fusion.org/bounty/#bugs","rewards@fusion.org","",true,false,true,""
"Facebook","https://www.facebook.com/BugBounty/","https://www.facebook.com/BugBounty/","",true,false,true,""
"Fair","https://www.fair.com/bug-bounty","security@fair.com","",true,false,false,"partial"
"FanDuel","https://www.fanduel.com/security","https://hackerone.com/fanduel","",true,false,true,"full"
"FantasyTote","https://hackerone.com/fantasytote","","",false,false,true,""
"FastMail","https://www.fastmail.com/about/bugbounty.html","bugreport@fastmail.com","",true,false,true,""
"Fastly","https://www.fastly.com/security/report-security-issue","https://fastly.zendesk.com/hc/en-us/requests/new","",false,true,false,"partial"
"Fiat Chrysler Automobiles","https://bugcrowd.com/fca","https://bugcrowd.com/fca/report","",true,false,true,"partial"
"FileZilla","https://hackerone.com/filezilla_h1c","https://hackerone.com/filezilla_h1c","",false,false,true,"full"
"Firebase","https://firebase.google.com/support/contact/","https://firebase.google.com/support/contact/","",false,true,false,""
"Fireeye","https://www.fireeye.com/company/security.html","security@fireeye.com","",false,false,true,""
"Fitbit","https://bugcrowd.com/fitbit","https://bugcrowd.com/fitbit/report","",true,false,true,"partial"
"Flickr","https://hackerone.com/flickr","","",true,false,true,"full"
"Fluxiom","https://www.fluxiom.com/security","security@fluxiom.com","",false,false,true,""
"Fontys","https://fontys.edu/About-us/Who-we-are/Rules-regulations/Responsible-disclosure.htm","https://fontys.edu/About-us/Who-we-are/Rules-regulations/Responsible-disclosure/Reporting-Form-Responsible-Disclosure.htm","",false,false,true,"partial"
"Ford","https://hackerone.com/ford","https://hackerone.com/ford","",true,false,true,"full"
"ForeScout Technologies","https://hackerone.com/forescout_technologies","https://hackerone.com/forescout_technologies","",true,false,true,""
"FormAssembly","https://hackerone.com/formassembly","","",false,false,true,""
"Fountain","https://www.fountain.com/security","security@fountain.com","",false,false,true,""
"Foursquare","https://foursquare.com/about/security","security@foursquare.com","",false,false,true,""
"FoxyCart","https://bugcrowd.com/foxycart","https://bugcrowd.com/foxycart/report","",true,false,true,"partial"
"Freelancer","https://www.freelancer.com/info/security-reporting.php","security-reporting@freelancer.com","",false,false,true,""
"Freshbooks","https://www.freshbooks.com/policies/responsible-disclosure","security@freshbooks.com","",false,false,true,""
"Fuga","https://fuga.cloud/responsible-disclosure-policy/","abuse@fuga.cloud","",false,true,true,"partial"
"Fullstory","https://fullstory.responsibledisclosure.com/hc/en-us","https://fullstory.responsibledisclosure.com/hc/en-us/requests/new","",false,false,true,""
"GO-JEK","https://bugcrowd.com/gojek","https://bugcrowd.com/gojek/report","",true,false,true,"partial"
"Gamma","https://www.gamma.nl/responsible-disclosure","security-alert@intergamma.nl","",true,false,true,""
"Garmin","https://www.garmin.com/en-US/legal/security","https://www.garmin.com/en-US/legal/security","",false,false,false,""
"GateCoin","https://gatecoin.com/bugBounty","security@gatecoin.com","",false,false,true,""
"Gay.Capital","https://gay.capital/docs/bugbounty","Support@Gay.Capital","",false,false,false,"full"
"Geckoboard","https://support.geckoboard.com/hc/en-us/articles/115007061468-Responsible-Disclosure-Policy","https://support.geckoboard.com/hc/en-us/requests/new?ticket_form_id=39437","",false,false,false,""
"Gemfury","http://www.gemfury.com/security","security@gemfury.com","",false,false,false,""
"General Electric","https://www.ge.com/security","https://www.ge.com/security","",false,false,false,""
"General Motors Company","https://hackerone.com/gm","https://hackerone.com/gm","",false,false,true,"full"
"Geniebelt","https://geniebelt.com/responsible-disclosure","security@geniebelt.com","",false,true,true,"full"
"Geotab","https://www.geotab.com/security/","https://www.geotab.com/security/","",false,false,true,""
"GetAdmiral","https://hackerone.com/getadmiral","","",true,false,true,""
"Getbase","https://bugbounty.getbase.com/","https://bugbounty.getbase.com/","",false,false,true,""
"Ghost","https://github.com/TryGhost/Ghost/blob/master/SECURITY.md","security@ghost.org","",false,false,false,""
"Ghostscript","http://ghostscript.com/Bug_bounty_program.html","https://bugs.ghostscript.com/","",true,false,false,""
"Github","https://bounty.github.com/","https://hackerone.com/github","",true,false,true,"full"
"Gitlab","https://about.gitlab.com/security/disclosure/","security@gitlab.com","",false,false,true,""
"Glance Networks","https://ww2.glance.net/privacy-policy/","security@glance.net","",false,false,false,"partial"
"GlassWire","https://hackerone.com/glasswire","","",true,false,true,""
"GlobaLeaks","https://hackerone.com/globaleaks","","",false,true,true,""
"GoCD","https://hackerone.com/gocd","","",false,false,true,""
"Goldman Sachs","https://www.goldmansachs.com/privacy-and-cookies/global-privacy-policy.html","https://hackerone.com/goldmansachs","",true,false,true,""
"Google","https://www.google.com/about/appsecurity/","https://www.google.com/appserve/security-bugs/m2/new?rl=&key=","",true,false,false,""
"Google Chrome","https://www.google.com/about/appsecurity/chrome-rewards/","https://code.google.com/p/chromium/issues/entry?template=Security%20Bug","",true,false,true,""
"Google PRP","https://www.google.com/about/appsecurity/patch-rewards/index.html","https://docs.google.com/forms/d/e/1FAIpQLSd5TlIXAiWRmbsHtPDR-8aDYKAZVgkJ5tcn6Dh-ym79r4iUxA/viewform","",true,false,false,""
"Grab","https://hackerone.com/grab","","",true,false,true,""
"Grammarly","https://hackerone.com/grammarly","","",true,false,true,"full"
"GreenBone","https://www.greenbone.net/en/responsible-disclosure/","https://www.greenbone.net/en/contact/","",false,false,false,""
"Greenhouse.io","https://hackerone.com/greenhouse","","",true,false,true,""
"Grok Learning","https://groklearning.com/security","security@groklearning.com","",false,false,true,""
"HID","https://www.hidglobal.com/security-center","secure@hidglobal.com","",false,false,true,""
"HealthifyMe","https://bugcrowd.com/healthifyme","https://bugcrowd.com/healthifyme/report","",false,false,true,"partial"
"HR Partner","https://www.hrpartner.io/security.html","support@hrpartner.io","",false,false,false,"partial"
"HTC","https://www.htc.com/us/terms/product-security/","security@htc.com","",false,false,false,""
"Hack Me!","https://bugcrowd.com/hackme","https://bugcrowd.com/hackme/report","",false,false,true,"partial"
"Hackerone","https://hackerone.com/security","","",true,false,true,"full"
"Hanno's Project","https://hackerone.com/hannob","","",false,false,true,"full"
"Harmony","http://get.harmonyapp.com/security/","security@collectiveidea.com","",false,false,true,""
"Harvest","https://hackerone.com/harvest","","",true,false,true,""
"Hellosign","https://www.hellosign.com/legal/security","security@hellosign.com","",true,false,false,""
"Heroku","https://bugcrowd.com/heroku","https://bugcrowd.com/heroku/report","",true,true,true,"partial"
"Hewlett Packard","https://www.hpe.com/us/en/services/security-vulnerability.html","https://www.hpe.com/h41268/live/index_e.aspx?qid=11503","",false,false,false,""
"Hex-Rays","http://www.hex-rays.com/bugbounty.shtml","bugbounty@hex-rays.com","",true,false,false,""
"HitBTC","https://hitbtc.com/bug-report","https://hitbtc.com/bug-report","",true,false,false,""
"Hiver","https://hiverhq.com/disclosure","security@hiverhq.com","",false,false,true,""
"Holland Controls","https://www.holland-controls.com/responsible-disclosure","security@holland-controls.com","",false,false,true,""
"Homebrew","https://hackerone.com/homebrew","","",false,false,true,""
"Honeywell","https://www.honeywell.com/product-security","https://www.honeywell.com/product-security#tab-3f04309a-5f43-460d-a5a1-6103baf0d303","",false,false,true,""
"Hootsuite","https://hootsuite.com/security/response","security@hootsuite.com","",false,false,true,""
"Hostinger","https://www.hostinger.com/responsible-disclosure-policy","abuse@hostinger.com","",true,false,false,"full"
"Huawei","https://www.huawei.com/en/psirt/report-vulnerabilities","psirt@huawei.com","",false,false,false,""
"HubSpot","https://bugcrowd.com/hubspot","https://bugcrowd.com/hubspot/report","",false,false,true,"partial"
"Humble Bundle","https://bugcrowd.com/humblebundle","https://bugcrowd.com/humblebundle/report","",false,false,true,"partial"
"Hunter.io","https://hunter.io/security-bounty-program","support@hunter.io","",true,false,true,""
"Hyatt","https://hackerone.com/hyatt","https://hackerone.com/hyatt","",true,false,true,"full"
"Hyperledger","https://hackerone.com/hyperledger","","",true,false,true,""
"IBM","https://www.ibm.com/security/secure-engineering/report.html","https://hackerone.com/ibm","",false,false,true,""
"ICQ","https://hackerone.com/icq","","",true,false,true,""
"ICS-CERT","https://ics-cert.us-cert.gov/ICS-CERT-Vulnerability-Disclosure-Policy","ics-cert@hq.dhs.gov","",false,false,false,""
"iFixit","http://www.ifixit.com/Info/Responsible_Disclosure","security@ifixit.com","",false,false,true,""
"IHC","https://www.royalihc.com/en/responsible-disclosure-policy","ITSecurity@royalihc.com","",false,false,true,"partial"
"ING NL","http://www.ing.nl/de-ing/veilig-bankieren/veiligheidsbeleid-van-de-ing/meldpunt-kwetsbaarheden/","responsible-disclosure@ing.com","",true,false,false,""
"IOTA","https://bugcrowd.com/iota","https://bugcrowd.com/iota/report","",true,false,true,"partial"
"IRCCloud","https://hackerone.com/irccloud","","",true,false,true,""
"iRobot","https://bugcrowd.com/irobot","https://bugcrowd.com/irobot/report","",true,false,true,"partial"
"Ian Dunn","https://hackerone.com/iandunn-projects","","",true,false,true,""
"Icann","https://www.icann.org/vulnerabilities","vulnerability@icann.org","",false,false,false,""
"Iconloop","https://hackerone.com/iconloop_inc","https://hackerone.com/iconloop_inc","",true,false,true,""
"Ikea","https://www.ikea.com/ms/en_ES/responsible-disclosure/responsible_disclosure.html","https://app.zerocopter.com/rd/9213ded2-6bb5-4f1a-8d74-c6fc1a04b675","",true,false,false,"partial"
"Imgur","https://hackerone.com/imgur","","",true,true,true,""
"Impero Software","https://www.imperosoftware.com/fr/reporting-vulnerabilities/","security@imperosoftware.com","",false,false,false,""
"Impinj","https://hackerone.com/impinj","","",false,false,true,""
"InVision","https://bugcrowd.com/invision","https://bugcrowd.com/invision/report","",true,false,true,"partial"
"Indeed","https://bugcrowd.com/indeed","https://bugcrowd.com/indeed/report","",true,false,true,"partial"
"Independer","http://www.independer.nl/algemeen/info/responsible-disclosure.aspx","beveiliging@independer.nl","",true,false,false,"partial"
"Inflection","https://hackerone.com/inflection","","",true,false,true,""
"Inflectra","https://www.inflectra.com/company/responsible-disclosure.aspx","support@inflectra.com","",false,false,true,""
"Infoplus Commerce","https://www.infopluscommerce.com/legal/responsible-disclosure-policy","https://support.infopluscommerce.com/support/tickets/new","",false,false,false,""
"Informatica","https://hackerone.com/informatica","","",false,true,true,""
"Informatiebeveiliging","https://informatiebeveiliging.nl/","directie@informatiebeveiliging.nl","",false,false,false,""
"Ing","https://www.ing.com/ING.com-Security.htm","responsible-disclosure@ing.com","",true,false,false,""
"Ingenico","https://www.ingenico.com/responsible-disclosure-program","responsibledisclosure@ingenico.com","",false,false,true,""
"InnoGames","https://hackerone.com/innogames","https://hackerone.com/innogames","",true,false,true,"full"
"Instacart","https://hackerone.com/instacart","","",true,false,true,""
"Instructure","https://blog.bugcrowd.com/private-bug-bounty-program-instructure/","security@instructure.com","",true,false,true,""
"IntegraXor (SCADA)","http://www.integraxor.com/blog/integraxor-hmi-scada-bug-bounty-program","https://www.integraxor.com/support/","",true,true,true,""
"Intel","https://www.intel.com/content/www/us/en/security-center/default.html","secure@intel.com","",true,false,true,""
"Intercom","https://bugcrowd.com/intercom","https://bugcrowd.com/intercom/report","",true,false,true,"partial"
"Internet Freedom","https://hackerone.com/ibb-if","","",true,false,false,""
"Internetwache","https://en.internetwache.org/security/","security@internetwache.org","",false,false,true,"partial"
"Intuo","https://www.intuo.io/security","philip@intuo.io","",false,false,false,""
"IpSwitch","https://www.ipswitch.com/vulnerability-disclosure-policy","security@ipswitch.com","",false,false,true,""
"Issuu","https://issuu.com/responsible-disclosure","https://help.issuu.com/hc/en-us/requests/new?ticket_form_id=114093960194","",false,false,true,""
"Iterable","https://iterable.com/trust/responsible-disclosure-policy/","security@iterable.com","",false,false,false,""
"Ivanti","https://www.ivanti.com/support/contact-security","responsible.disclosure@ivanti.com","",false,true,false,"partial"
"JCPenny","https://www.jcpenney.com/m/responsible-disclosure-program","IT-security@jcp.com","",false,false,false,"partial"
"Jamieweb","https://www.jamieweb.net/contact/","security@jamieweb.net","",false,false,true,""
"Jazz Networks","https://www.jazznetworks.com/security/","security@jazznetworks.com","",false,false,true,"partial"
"Jenkins","https://wiki.jenkins-ci.org/display/JENKINS/How+to+report+an+issue#Howtoreportanissue-Creatingtheissue","https://wiki.jenkins.io/display/JENKINS/How+to+report+an+issue#Howtoreportanissue-Creatingtheissue","",false,false,false,""
"Jet.com","https://bugcrowd.com/jet","https://bugcrowd.com/jet/report","",true,false,true,"partial"
"JohnBlackBourn","https://hackerone.com/johnblackbourn","","",false,false,true,""
"Johnson & Johnson","https://www.productsecurity.jnj.com/","productsecurity@its.jnj.com","",false,false,false,""
"Jruby","https://www.jruby.org/security","security@jruby.org","",false,false,false,""
"JumpleAd","https://jumplead.com/about/security","https://jumplead.com/about/security","",true,false,true,"partial"
"Juniper","https://www.juniper.net/us/en/security/report-vulnerability/","sirt@juniper.net","",false,false,false,""
"KPN","https://www.kpn.com/algemeen/missie-en-privacy-statement/beveiligingskwetsbaarheid/beveiligingslek-melden.htm","https://www.kpn.com/algemeen/missie-en-privacy-statement/beveiligingskwetsbaarheid/beveiligingslek-melden.htm","",false,false,false,""
"Kadince","https://www.kadince.com/legal/security_policy","security@kandice.com","",false,false,false,""
"Kaspersky","https://support.kaspersky.com/vulnerability","https://support.kaspersky.com/vulnerability.aspx?el=12429#block1","",true,false,true,"full"
"Kayak","https://www.kayak.co.in/security","security@kayak.com","",false,false,false,""
"Kayesa","https://www.kaseya.com/legal/vulnerability-disclosure-policy","security@kaseya.com","",false,false,true,""
"Keeper Security","https://bugcrowd.com/keepersecurity","https://bugcrowd.com/keepersecurity/report","",false,false,true,"full"
"Keming Labs","http://keminglabs.com/security_disclosure/","security@keminglabs.com","",false,false,false,""
"Kenna Security","https://bugcrowd.com/kennasecurity","https://bugcrowd.com/kennasecurity/report","",true,false,true,""
"Keybase","https://hackerone.com/keybase","","",true,false,true,""
"Khan Academy","https://hackerone.com/khanacademy","","",false,false,true,""
"Kissflow","https://kissflow.com/responsible-disclosure/","security@kissflow.com","",true,true,true,""
"Kiwa","https://www.kiwa.com/en/responsible-disclosure-policy/","responsibledisclosure@kiwa.nl","",false,false,false,"partial"
"Kraken","https://www.kraken.com/security/bug-bounty","bugbounty@kraken.com","",true,false,true,""
"LINE","https://bugbounty.linecorp.com/en/","https://bugbounty.linecorp.com/en/","",true,false,true,""
"LastPass","https://bugcrowd.com/lastpass","https://bugcrowd.com/lastpass/report","",true,false,true,"partial"
"Leetcode","https://leetcode.com/bugbounty/","support@leetcode.com","",true,false,false,"partial"
"Legal Robot","https://www.legalrobot.com/bounty/","security@legalrobot.com","",true,false,true,"full"
"Leica Biosystems","https://www.leicabiosystems.com/index.php?&ADMCMD_prev=df2e24a055bae99c1033a8b7b17cadf1&id=19671&L=0","lbs.productsecurity@leicabiosystems.com","02-15-2019",false,false,false,""
"Lenova","https://www.lenovo.com/us/en/product-security/vulnerability-disclosure-policy","psirt@lenovo.com","",false,false,true,""
"LeverEX","https://medium.com/leverex/leverex-bug-bounty-program-10e53d0d7901","","",true,false,false,""
"LiberaPay","https://en.liberapay.com/about/security","admin@liberapay.com","",true,false,true,"full"
"Libra","https://hackerone.com/libra","https://hackerone.com/libra","",true,false,true,""
"Librato","https://metrics.librato.com/vulnerability","psirt@solarwinds.com","",false,false,true,""
"LifeOmic","https://hackerone.com/lifeomic","","",false,true,true,"full"
"Lifelock","https://lifelock.responsibledisclosure.com/hc/en-us","https://lifelock.responsibledisclosure.com/hc/en-us/requests/new","",false,false,true,""
"Liferay","https://www.liferay.com/security","security@liferay.com","2012",false,false,true,""
"Light Speed","https://www.lightspeedhq.com/security/","security@lightspeedhq.com","",false,false,false,""
"Linkedin","https://security.linkedin.com/vulnerabilty-disclosure","security@linkedin.com","",false,false,false,""
"Linksys","https://www.belkin.com/us/security/","security@linksys.com","",false,false,true,"partial"
"Livestream","https://hackerone.com/livestream","https://hackerone.com/livestream","",true,false,true,"partial"
"Lob","https://hackerone.com/lob","https://hackerone.com/lob","",true,false,true,"full"
"LocalTapiola","https://hackerone.com/localtapiola","","",true,false,true,""
"Logentries","https://logentries.com/doc/security/","security@logentries.com","",false,false,true,""
"Loofah","https://hackerone.com/loofah","","",false,false,false,""
"Looker","https://looker.com/product/security/disclosure","security@looker.com","",false,false,true,"partial"
"Lookout","https://www.lookout.com/legal/responsible-disclosure","security@lookout.com","",false,false,false,"partial"
"Lyft","https://www.lyft.com/security","https://www.lyft.com/security","",true,false,false,""
"Lyst","https://hackerone.com/lyst","","",true,false,true,""
"M-Files","https://www.m-files.com/en/vulnerability-disclosure","security@m-files.com","",false,false,false,""
"MIT","https://bounty.mit.edu/","https://idp.mit.edu/idp/Authn/MIT?conversation=e4s1","",true,false,false,""
"MSV","https://shop.msv.com/About/Legal","vulnerability@msv.com","",false,false,false,"partial"
"Magento","https://hackerone.com/magento","https://hackerone.com/magento","",true,false,true,"full"
"Magic Leap Cloud","https://bugcrowd.com/magicleapcloud","https://bugcrowd.com/magicleapcloud/report","",true,false,true,"partial"
"MagicLeap Device","https://bugcrowd.com/magicleapdevice","https://bugcrowd.com/magicleapdevice/report","",true,false,true,"partial"
"Magix AG","http://research.magix.com/","security@magix.net","",false,false,true,""
"Mahara","https://wiki.mahara.org/index.php/Contributors#Security_Researchers","","",false,false,true,""
"Mail.Ru","https://hackerone.com/mailru","","",true,false,true,""
"Mailchimp","https://mailchimp.com/about/security/","https://mailchimp.com/about/security/","",false,false,false,"partial"
"Mailgun","https://bugcrowd.com/mailgun","https://bugcrowd.com/mailgun/report","",true,false,true,"partial"
"Mailtag","https://www.mailtag.io/disclosure-policy","Hi@MailTag.io","",false,false,false,""
"Mailtrack","https://mailtrack.io/en/responsible-vulnerability","security-report@mailtrack.io","",false,false,false,""
"Maker Ecosystem Growth Holdings","https://hackerone.com/makerdao_bbp","https://hackerone.com/makerdao_bbp","",true,false,false,""
"Malwarebytes","https://www.malwarebytes.org/secure/","bug-bounty@malwarebytes.com","",true,false,true,""
"ManageWP","https://managewp.com/white-hat-reward","https://managewp.com/white-hat-reward","",true,false,true,""
"Mapbox","https://hackerone.com/mapbox","","",true,false,true,""
"MapsMarker.com.eu","https://hackerone.com/mapsmarker_com_e_u","","",true,false,true,""
"MariaDB","https://hackerone.com/mariadb","","",false,false,true,""
"Marketo","https://documents.marketo.com/legal/notices/responsible-disclosure-policy.pdf","securityteam@marketo.com","",false,false,false,""
"Marktplaats","https://www.marktplaats.nl/i/help/veilig-en-succesvol/responsible-disclosure-program.dot.html","https://app.zerocopter.com/en/rd/0d37aefa-0c1f-4d3e-a4c5-d4879460d595","",true,false,false,""
"Massachusetts Institute of Technology","https://bounty.mit.edu/","https://bounty.mit.edu/","",true,false,true,""
"Mastercard","https://bugcrowd.com/mastercard","https://bugcrowd.com/mastercard/report","",true,false,true,"partial"
"Matomo","https://hackerone.com/matomo","","",true,false,true,""
"Mattermost","https://about.mattermost.com/report-security-issue/","https://mattermost.com/security-vulnerability-report/","",false,false,true,""
"Maximum","https://hackerone.com/maximum","","",true,false,true,""
"McAfee","https://www.mcafee.com/enterprise/en-us/threat-center/advanced-threat-research/disclosure.html","ATR_Vuln@McAfee.com","",false,false,false,""
"McKinsey","https://mckinsey.responsibledisclosure.com/hc/en-us","https://mckinsey.responsibledisclosure.com/hc/en-us/requests/new","",false,false,true,""
"MedISAO","https://members.medisao.com/vulnerability_disclosure/","https://members.medisao.com/vulnerability_disclosure/","",false,false,false,""
"MediaTek","https://www.mediatek.com/security-contact","https://www.mediatek.com/security-contact/form","",false,false,false,""
"Mediamarktsaturn","https://hackerone.com/mediamarktsaturn","","",false,false,true,""
"Medium","https://help.medium.com/hc/en-us/articles/213481308-Bug-Bounty-Disclosure-Program","security@medium.com","",true,false,true,"partial"
"Medtronic","http://www.medtronic.com/contact-us/index.htm?cmpid=mdt_plc_2015_US_footer_nav_contact_us_mdt_us_legacy_contact_us_form_link","http://www.medtronic.com/contact-us/index.htm?cmpid=mdt_plc_2015_US_footer_nav_contact_us_mdt_us_legacy_contact_us_form_link","",false,false,false,""
"Meet Fabric","https://meetfabric.com/legal/security-policy","security@meetfabric.com","",false,false,true,"partial"
"Mega.co.nz","https://mega.co.nz/#blog_6","bugs@mega.co.nz","",true,false,false,""
"Microsoft (Online Services)","http://technet.microsoft.com/en-us/security/dn800983","secure@microsoft.com","",false,false,true,""
"Microsoft (bounty programs)","http://technet.microsoft.com/en-US/security/dn425036","secure@microsoft.com","",false,false,false,""
"Microweber","https://microweber.com/become-contributor","https://microweber.com/contact-us","",false,false,true,""
"Mimecast","https://www.mimecast.com/responsible-disclosure/","disclosure@mimecast.com","",false,false,true,"partial"
"Mimosa","https://mimosa.co/legal/vulnerability","sirt@mimosa.co","",false,false,false,"partial"
"Mobikwik","https://www.mobikwik.com/bug-bounty","infosec@mobikwik.com","",false,false,true,""
"Mobile Vikings","https://hackerone.com/mobilevikings","","",false,true,true,""
"Monero","https://hackerone.com/monero","","",false,false,true,""
"Monetha","https://www.monetha.io/bounty","https://docs.google.com/forms/d/e/1FAIpQLSepEDPWlHn2CVFHHaOlrE_YSnQo7Uj-mV051SmrXZ0t85SYBg/viewform","",true,false,true,""
"Moneybird","https://www.moneybird.nl/security/","https://hackerone.com/moneybird","",false,false,true,"partial"
"Moneytree KK","https://bugcrowd.com/moneytreekkog","https://bugcrowd.com/moneytreekkog/report","",true,false,true,"partial"
"Moodle","https://docs.moodle.org/dev/Moodle_security_procedures","security@moodle.org","",false,false,true,""
"Motorola","https://www.motorola.com/us/legal/security-vulnerability","security@motorola.com","",false,false,false,""
"MovieXchange","https://moviexchange.com/responsible-disclosure-policy/","security@movieXchange.com","",false,false,true,"full"
"Mozilla","https://www.mozilla.org/en-US/security/bug-bounty/","security@mozilla.org","",true,true,true,"full"
"MuJS","https://mujs.com/security.html","https://bugs.ghostscript.com/enter_bug.cgi?product=Security%20-%20MuPDF%2FMuJS","",true,false,true,""
"Multichoice","https://www.dstv.com/topic/multichoice-responsible-disclosure-policy-20151028","https://selfservice.dstv.com/contact-us","",false,false,false,"partial"
"Mvorisicochecker","https://www.mvorisicochecker.nl/de/node/1807","contact@mvonederland.nl","",false,false,false,"partial"
"MyEtherWallet","https://hackerone.com/myetherwallet","","",true,false,true,""
"MyStuff2 App","http://www.maddysoft.com/iphone/mystuff/bounty.php","rmaddy@maddysoft.com","",false,true,true,""
"Mycrypto","https://hackerone.com/mycrypto","","",false,false,true,""
"Myntra","http://www.myntra.com/security/whitehat","security@myntra.com","",false,false,true,""
"Myob","https://www.myob.com/au/about/security/report-security-vulnerability","securityteam@myob.com","",false,false,true,""
"NCSC-NL","https://www.ncsc.nl/security","cert@ncsc.nl","",true,true,false,""
"NCSC UK","https://hackerone.com/ncsc_uk","https://hackerone.com/ncsc_uk","",false,false,true,""
"NETGEAR Cash Rewards","https://bugcrowd.com/netgear","https://bugcrowd.com/netgear/report","",true,false,true,"partial"
"NETGEAR Kudos Rewards","https://bugcrowd.com/netgearkudos","https://bugcrowd.com/netgearkudos/report","",false,false,true,"partial"
"NGAHR","https://www.ngahr.com/privacy-policies/","disclosure@ngahr.com","",false,false,false,""
"NN","https://www.nn-group.com/Footer-Pages/Ethical-hacking-NN-Groups-Responsible-Disclosure-Policy.htm","responsible-disclosure@nn-group.com","",true,false,false,""
"NSN Nokia Solutions Networks","http://nsn.com/responsible-disclosure","security-alert@nokia.com","",false,false,true,""
"NWB Bank","https://www.nwbbank.com/responsible-disclosure-2","info@nwbbank.com","",true,false,true,"partial"
"Namazu","http://www.namazu.org/security.html","security@namazu.org","",false,false,false,""
"National Cyber Security Center (Netherlands)","https://www.ncsc.nl/security","ert@ncsc.nl","",true,true,false,""
"Navcoin","https://navcoin.org/en/responsible-disclosure","disclosure@navcoin.org","",false,false,false,""
"Naver Whale","http://bugbounty.whale.naver.com","https://bugbounty.whale.naver.com/en/","",true,false,true,""
"Neptune","https://www.neptune.io/securitySLA.html","security@neptune.io","",true,true,false,""
"Netapp","https://security.netapp.com/contact/","security-alert@netapp.com","",false,false,false,""
"Netflix","https://help.netflix.com/en/node/6657","https://bugcrowd.com/netflix/report","",false,false,true,"partial"
"New Relic","https://hackerone.com/newrelic","","",false,false,true,""
"Nextcloud","https://hackerone.com/nextcloud","","",true,false,true,""
"Nexuzhealth","https://www.intigriti.com/public/project/uz%20leuven/nexuzhealthwebpacs","https://www.intigriti.com/public/project/uz%20leuven/nexuzhealthwebpacs","",true,false,false,"full"
"Nginx","http://nginx.org/en/security_advisories.html","security-alert@nginx.org","",true,false,true,""
"Nike","https://www.nike.com/help/a/responsible-disclosure","infosec@nike.com","",false,false,false,""
"Nimiq","https://hackerone.com/nimiq","","",true,false,true,""
"Nintendo","https://hackerone.com/nintendo","","",true,false,true,""
"Node.js","https://hackerone.com/nodejs","","",true,false,true,""
"Nokia","https://networks.nokia.com/responsible-disclosure","security-alert@nokia.com","",false,false,true,""
"Nokogiri","https://hackerone.com/nokogiri","","",false,false,true,""
"Norada","http://norada.com/crm-software/security_response","security@norada.com","",false,false,true,""
"Notepad++","https://hackerone.com/notepad-plus-plus","https://hackerone.com/notepad-plus-plus","",false,false,true,"full"
"Nowsecure","https://www.nowsecure.com/company/responsible-disclosure-policy/","https://www.nowsecure.com/contact/","",false,false,false,""
"Nvidia","https://www.nvidia.com/object/submit-security-vulnerability.html","https://www.nvidia.com/object/submit-security-vulnerability.html","",true,false,true,""
"OLA","https://www.olacabs.com/whitehat?","https://www.olacabs.com/whitehat?page=reportIssue","",true,false,false,""
"OLAcabs","https://www.olacabs.com/whitehat","https://www.olacabs.com/whitehat?page=reportIssue","",true,false,true,""
"OSLO BORS","https://www.oslobors.no/ob_eng/Oslo-Boers/About-Oslo-Boers/Responsible-Disclosure","security@oslobors.no","",false,false,true,"partial"
"OVH","https://bountyfactory.io/hunter/submit/program/42","https://bountyfactory.io/hunter/submit/program/42","",false,false,false,""
"OWASP CSRFGuard","https://bugcrowd.com/owaspcrsfguard","https://bugcrowd.com/owaspcrsfguard/report","",false,false,true,"partial"
"OWASP Java Encoder","https://bugcrowd.com/owaspjavaencoder","https://bugcrowd.com/owaspjavaencoder/report","",false,false,true,"partial"
"OWASP Java HTML Sanitizer","https://bugcrowd.com/owaspjavasanitizer","https://bugcrowd.com/owaspjavasanitizer/report","",false,false,true,"partial"
"OWASP ZAP","https://bugcrowd.com/owaspzap","https://bugcrowd.com/owaspzap/report","",true,false,true,"partial"
"Oath","https://hackerone.com/oath","","",true,false,false,""
"Observu","http://observu.com/security.php","info@observu.com","",false,false,true,""
"Ok.ru","https://hackerone.com/ok","","",true,false,true,""
"Okta","https://bugcrowd.com/okta","https://bugcrowd.com/okta/report","",true,false,true,"partial"
"Olark","http://www.olark.com/customer/portal/articles/1237352","support+security@olark.com","",true,true,true,""
"Olx","https://hackerone.com/olx","","",false,false,true,""
"Omise","https://hackerone.com/omise","https://hackerone.com/omise","",true,false,true,""
"Ondeck","https://www.ondeck.com/security-policy","security@ondeck.com","",false,false,true,""
"One Identity","https://support.oneidentity.com/contact-us/report-security-vulnerability","https://support.oneidentity.com/contact-us/report-security-vulnerability","",false,false,true,""
"OneLogin","https://www.onelogin.com/security","security@onelogin.com","",false,false,true,""
"Onfido","https://onfido.com/responsibledisclosure/","security@onfido.com","",false,false,false,""
"Online Seminar","https://www.onlineseminar.com/security/","security@onlineseminar.nl","",true,false,true,"partial"
"Open Source University","https://medium.com/the-os-university-blog/os-university-smart-contracts-are-live-edu-token-bug-bounty-reward-awaits-you-27c1de006249","security@os.university","",true,false,false,"full"
"OpenBSD","http://www.openbsd.org/security.html","deraadt@openbsd.org","",false,false,false,""
"OpenSSL","https://www.openssl.org/community/#securityreports","openssl-security@openssl.org","",true,false,true,""
"OpenStack","https://security.openstack.org/#how-to-report-security-issues-to-openstack","https://security.openstack.org/#how-to-report-security-issues-to-openstack","",false,false,false,""
"OpenText","http://opentext.com/2/global/company/security-acknowledgements.htm","https://www.opentext.com/about/contact-us/contact-opentext","",false,false,true,""
"OpenVPN","https://hackerone.com/ibb-openvpn","","",true,false,true,""
"Opera","https://www.opera.com/security/policy","security@opera.com","",false,false,true,""
"Optimizely","https://bugcrowd.com/optimizely","https://bugcrowd.com/optimizely/report","",true,false,true,"partial"
"Oracle","https://www.oracle.com/africa/corporate/security-practices/assurance/vulnerability/reporting.html","secalert_us@oracle.com","",false,false,false,""
"Orion Health","https://orionhealth.com/us/support/responsible-disclosure/","http://web.orionhealth.com/General-Enquiries-Form-US.html","",false,false,true,""
"Orkut","http://www.google.com/about/appsecurity/reward-program/","https://www.google.com/appserve/security-bugs/m2/new?rl=&key=","",true,false,true,""
"Overstock","https://bugcrowd.com/overstockvdp","https://bugcrowd.com/overstockvdp/report","",false,false,true,"partial"
"Owox","https://hackerone.com/owox","","",false,false,true,""
"PC Extreme","https://www.pcextreme.com/policies/responsible-disclosure","security@pcextreme.nl","",true,false,false,"partial"
"PERL (Bug Bounty)","https://hackerone.com/ibb-perl","","",true,false,true,""
"PHP","https://bugs.php.net/report.php?bug_type=Security","security@php.net","",true,false,true,""
"PHP (Bug Bounty)","https://hackerone.com/ibb-php","","",true,false,true,""
"PIVX-Project","https://hackerone.com/pivx-project","","",true,false,true,""
"PTC","https://www.ptc.com/en/documents/security/coordinated-vulnerability-disclosure","cvd@ptc.com","",false,false,true,"partial"
"Pagerduty","https://www.pagerduty.com/security/disclosure/","security@pagerduty.com","",false,false,false,""
"Palo Alto Networks","https://securityadvisories.paloaltonetworks.com/Report","psirt@paloaltonetworks.com","",false,false,false,""
"Panasonic","https://www.panasonic.com/global/corporate/product-security/sec/psirt/policy.html","https://www.panasonic.com/global/corporate/product-security/sec/psirt/inquiry.html","",false,false,false,""
"Pantheon","https://bugcrowd.com/pantheon","https://bugcrowd.com/pantheon/report","",false,false,true,"partial"
"Panzura","https://panzura.com/support/panzura-security-policy/","security@panzura.com","",false,false,true,""
"Paragon Initiative Enterprises","https://hackerone.com/paragonie","","",true,false,true,"partial"
"Parrot Sec","https://hackerone.com/parrot_sec","","",false,false,true,""
"Passhash","https://hackerone.com/passhash","","",false,false,true,""
"Passit","https://hackerone.com/passit","","",false,false,true,""
"PasteCoin","https://www.pastecoin.com/bug_bounty","support@pastecoin.com","",true,false,true,""
"Payboy","https://payboy.biz/security","security@payboy.biz","",false,false,false,"partial"
"Paychoice","http://www.paychoice.com.au/security/#security-researchers","security@paychoice.com.au","",false,false,true,""
"Paymill","https://developers.paymill.com/guides/security/security-standards","security@paymill.com","",false,false,true,""
"Paypal","https://www.paypal.com/us/webapps/mpp/security-tools/reporting-security-issues","https://www.hackerone.com/","",true,false,true,""
"Perl","http://perldoc.perl.org/perlsec.html#SECURITY-VULNERABILITY-CONTACT-INFORMATION","perl5-security-report@perl.org","",true,false,true,""
"Personal Capital","https://www.personalcapital.com/responsible-disclosure/","https://www.personalcapital.com/responsible-disclosure/","",false,false,false,"full"
"Phabricator","https://hackerone.com/phabricator","","",true,false,true,""
"Philips","https://www.philips.com/a-w/security/coordinated-vulnerability-disclosure.html","productsecurity@philips.com","",false,false,true,"partial"
"Pidgin","http://pidgin.im/security/","security@pidgin.im","",false,false,true,""
"Pillpack","https://pillpack.responsibledisclosure.com/hc/en-us","https://pillpack.responsibledisclosure.com/hc/en-us/requests/new","",false,false,true,""
"Pinterest","https://bugcrowd.com/pinterest/","https://bugcrowd.com/pinterest/report","",true,false,true,"partial"
"Piwik","http://piwik.org/security/","security@matomo.org","",false,false,true,""
"Plaid","https://hackerone.com/plaid","","",true,false,true,""
"PlanetHoster","https://bugcrowd.com/planethosterinc","https://bugcrowd.com/planethosterinc/report","",true,false,true,"partial"
"Platform161","https://platform161.com/responsible-disclosure/","support@platform161.com","",false,false,false,"partial"
"Plugin Alliance","https://www.plugin-alliance.com/en/security.html","https://www.plugin-alliance.com/en/tech-support.html","",false,false,false,"partial"
"Polar SSL","https://tls.mbed.org/bug-bounty-program","support.mbedtls@arm.com","",true,false,false,"partial"
"Poli","https://www.polipayments.com/VulnerabilityDisclosurePolicy","security@polipayments.com","",false,false,false,"partial"
"Pornhub","https://hackerone.com/pornhub","","",true,false,true,""
"PortSwigger Web Security","https://hackerone.com/portswigger","","",true,false,true,""
"PostNL","https://www.postnl.nl/en/responsible-disclosure/","https://app.zerocopter.com/rd/caff4c53-e588-440b-9b07-c54b8e877c83","",false,true,true,"partial"
"Postmark","https://postmarkapp.com/support/article/779-responsible-disclosure-policy","https://wildbit.wufoo.com/forms/wildbit-security-response/","",false,true,true,"partial"
"Postmates","https://hackerone.com/postmates","https://hackerone.com/postmates","",true,false,true,""
"PowerDNS","https://hackerone.com/powerdns","","",true,false,true,""
"Prezi","https://bugbounty.prezi.com/","security@infogr.am","",true,false,false,""
"Priceline","https://hackerone.com/priceline","https://hackerone.com/priceline","",true,false,true,"full"
"Pro.z","https://go.proz.com/bug-bounty-disclosure-program","security@proz.com","",false,false,false,""
"Proofpoint","https://www.proofpoint.com/us/security","security@proofpoint.com","",false,false,true,""
"Punchh","https://punchh.com/security","https://hackerone.com/79b77b5d-abe5-4210-9d1f-7b63465d1d4e/embedded_submissions/new","",false,false,false,""
"Puppet","https://puppet.com/blog/responsible-disclosure-of-security-vulnerabilities","security@puppetlabs.com","",false,false,true,""
"Puppet Labs","https://puppet.com/security","security-infrastructure@puppet.com","",false,false,true,""
"PureVPN","https://bugcrowd.com/purevpn","https://bugcrowd.com/purevpn/report","",true,false,true,"partial"
"Pushfor","https://pushfor.com/bug-bounty/","security-report@pushfor.com","",true,false,false,""
"Python","https://www.python.org/news/security/","security@python.org","",true,false,true,""
"Qiwi","https://www.qiwi.ru/page/hack.action","https://hackerone.com/qiwi","",true,false,false,""
"Qmail","http://cr.yp.to/qmail/guarantee.html","http://cr.yp.to/qmail/guarantee.html","",true,false,false,""
"Qualcomm","https://www.qualcomm.com/connect/contact/security/product-security","product-security@qualcomm.com","",false,false,true,""
"QuantStamp","https://quantstamp.com/legal/responsible-disclosure","security@quantstamp.com","",true,false,false,""
"Quantopian","https://hackerone.com/quantopian","https://hackerone.com/quantopian","",true,false,true,""
"Quest","https://support.quest.com/contact-us/report-security-vulnerability","https://support.quest.com/contact-us/report-security-vulnerability","",false,false,false,""
"Quora","https://hackerone.com/quora","","",true,false,true,"full"
"RBKMoney","https://hackerone.com/rbkmoney","","",false,false,true,""
"RBS Help","http://personal.rbs.co.uk/personal/security-centre/responsible-disclosure.html","security.disclosures@rbs.co.uk","",true,false,true,""
"RSK","https://hackerone.com/rsksmart","","",true,false,true,""
"Rackspace","http://www.rackspace.com/information/legal/rsdp","security@rackspace.com","",false,false,true,""
"Rapid7","https://www.rapid7.com/security/disclosure","https://www.rapid7.com/security/disclosure","",false,false,false,""
"Ratelimited","https://hackerone.com/ratelimited","","",false,false,true,""
"Razer US","https://hackerone.com/razer_us","","",false,false,true,""
"Razorpay","https://razorpay.com/responsible-disclosure/","security@razorpay.com","",false,true,true,"full"
"RealSelf","https://bugcrowd.com/realself","https://bugcrowd.com/realself","",true,false,true,"full"
"Recargapay","https://hackerone.com/recargapay","","",true,false,true,""
"Recorded Future","https://www.recordedfuture.com/security/","security@recordedfuture.com","",false,true,true,""
"Red Gate","https://www.red-gate.com/website/legal","security@red-gate.com","",false,false,false,"partial"
"RedHat","https://access.redhat.com/articles/66234","site-security@redhat.com","",false,false,true,""
"Reddit","http://code.reddit.com/wiki/help/whitehat","security@reddit.com","",false,false,true,""
"Redox","https://bugcrowd.com/redox","https://bugcrowd.com/redox/report","",true,false,true,"full"
"Redstor","https://www.redstor.com/en-us/about/vulnerability-disclosure-policy/","security@redstor.com","",false,false,false,""
"Redtube","https://hackerone.com/redtube","","",true,false,true,""
"Refereum","https://hackerone.com/refereum","https://hackerone.com/refereum","",true,false,true,""
"Relaso","http://www.relaso.com/disclosure/","security@relaso.com","",true,false,false,"partial"
"Replicated","https://www.replicated.com/security/","security@replicated.com","",false,false,false,"partial"
"Research Gate","https://explore.researchgate.net/display/support/Security+and+vulnerability","https://www.researchgate.net/contact","",true,false,false,""
"Resmed","https://www.resmed.com/us/en/consumer/security/disclosure.html","securityreports@resmed.com","",false,false,false,""
"Reverb","https://hackerone.com/reverb","","",true,false,true,""
"Revive Adserver","https://hackerone.com/revive_adserver","","",false,false,true,""
"Ribose","https://www.ribose.com/feedback/security","https://www.ribose.com/feedback/security","",false,true,true,""
"Rietta","https://rietta.com/contact/security/","security@rietta.com","",false,false,false,""
"Rightmesh","https://www.rightmesh.io/bug-bounty-program","security@rightmesh.io","",true,false,false,"full"
"Riot Games","http://www.riotgames.com/riot-games-security","https://hackerone.com/riot/","",true,false,true,"full"
"Ripe NCC","https://www.ripe.net/support/contact/responsible-disclosure-policy","security@ripe.net","",false,false,true,""
"Ripple","https://ripple.com/bug-bounty/","bugs@ripple.com","",true,false,false,""
"Riskalyze","https://www.riskalyze.com/security-response","security@riskalyze.com","",false,false,true,""
"Robeco","https://www.robeco.com/en/responsible-disclosure.html","https://www.robeco.com/en/responsible-disclosure.html","",false,false,false,"partial"
"Robinhood","https://hackerone.com/robinhood","","",true,false,true,""
"Rocket.Chat","https://rocket.chat/docs/contributing/security/responsible-disclosure-policy/","security@rocket.chat","",false,false,true,""
"RockstarGames","https://hackerone.com/rockstargames","","",true,false,true,""
"Rollbar","https://docs.rollbar.com/docs/responsible-disclosure-policy","security@rollbar.com","",false,false,false,""
"Royal Bank of Scotland","https://personal.rbs.co.uk/personal/security-centre/responsible-disclosure.html","security.disclosures@rbs.co.uk","",false,false,true,""
"Ruby","https://hackerone.com/ruby","","",true,false,true,""
"Ruby on Rails","https://hackerone.com/rails","","",true,false,true,""
"RubyGems","https://hackerone.com/rubygems","","",true,false,true,""
"SAP Concur","https://bugcrowd.com/concur","https://bugcrowd.com/concur/report","",false,false,true,"partial"
"SaveDroid","https://hackerone.com/savedroid","https://hackerone.com/savedroid","",false,false,true,""
"SEEK","https://bugcrowd.com/seek","https://bugcrowd.com/seek/report","",true,false,true,"partial"
"SEMRush","https://hackerone.com/semrush","","",true,false,true,""
"SNS Bank","https://www.devolksbank.nl/veiligheid.html","responsible-disclosure@devolksbank.nl","",true,false,false,""
"Sails.js","https://sailsjs.com/security","critical@sailsjs.io","",false,false,false,""
"Salesforce","https://trust.salesforce.com/en/security/responsible-disclosure-policy/","security@salesforce.com","",false,false,true,"partial"
"Samsung Mobile","https://security.samsungmobile.com/securityReporting.smsb","https://security.samsungmobile.com/securityReporting.smsb","",true,false,false,""
"Samsung SmartTV","https://samsungtvbounty.com/ReportBug.aspx","https://samsungtvbounty.com/ReportBug.aspx","",true,false,false,""
"Sarahny","https://sarahny.com/security.html","security@sarahny.com","",false,false,true,"full"
"ScaleFT","https://www.scaleft.com/company/security/","security@scaleft.com","",false,false,false,""
"Schuberg Philis","http://www.schubergphilis.com/newsroom/library/downloads-policies/responsible-disclosure-policy/","abuse@schubergphilis.com","",false,true,true,""
"Scorpionsoft","https://help.scorpionsoft.com/hc/en-us/articles/218315137-What-is-your-Vulnerability-Disclosure-Policy-","security@scorpionsoft.com","",false,false,true,""
"Secure Cyber Future","https://www.securecyberfuture.com/responsible-disclosure","contact@securecyberfuture.com","",true,false,true,""
"SecureDrop","https://bugcrowd.com/freedomofpress","https://bugcrowd.com/freedomofpress/report","",true,false,true,"partial"
"Security Innovation","https://www.securityinnovation.com/about/security/","security@securityinnovation.com","",false,false,false,""
"Segment","https://bugcrowd.com/segment","https://bugcrowd.com/segment/report","",true,false,true,"full"
"Selify","https://sellfy.com/security/","https://docs.sellfy.com/contact","",false,false,true,""
"Selz","https://help.selz.com/article/217-security-escalation","security@selz.com","",true,false,false,""
"Semmle","https://hackerone.com/semmle","https://hackerone.com/semmle","",true,false,true,""
"SendSafely","https://www.sendsafely.com/security/bug-bounty","https://www.sendsafely.com/security/bug-report","",true,false,true,""
"Sense","https://sense.com/vulnerability.html","vulnerability@sense.com","",false,false,false,"partial"
"Sentry","https://sentry.io/security/","security@sentry.io","",false,false,true,""
"Shapeshift","https://corp.shapeshift.io/responsible-disclosure-program/","security@shapeshift.io","",true,false,true,""
"Shieldox Security LTD","https://hackerone.com/shieldox_security","https://hackerone.com/shieldox_security","",false,false,true,""
"Shipt","https://hackerone.com/shipt","","",true,false,true,""
"Shopify","https://hackerone.com/shopify","https://hackerone.com/shopify","",true,true,true,"full"
"Showmax","https://hackerone.com/showmax","","",true,false,true,""
"Sidefx","https://www.sidefx.com/responsible-disclosure-program/","security@sidefx.com","",false,false,true,"partial"
"SignalFX","https://www.signalfx.com/trust/security/responsible-disclosure","security@signalfx.com","",true,false,true,""
"Signhost","https://www.signhost.com/responsibility-disclosure","https://app.zerocopter.com/rd/6a1b4322-d483-4509-a8e5-e03f9633cdef","",false,false,true,"partial"
"Signify","https://www.signify.com/global/product-security","lightingproductsecurity@signify.com","",false,false,false,""
"Signup","https://signup.com/responsible-disclosure-policy","security@Signup.com","",false,false,true,"partial"
"Silvergoldbull","https://silvergoldbull.com/bug-bounty/","https://silvergoldbull.com/bug-bounty/","",true,false,false,"full"
"Simple","https://bugcrowd.com/simple","https://bugcrowd.com/simple/report","",true,false,true,"partial"
"Simplerisk","https://www.simplerisk.com/responsible_disclosure_policy","security@simplerisk.com","",false,false,true,"partial"
"SiteGround","https://www.siteground.com/term/92.htm","responsible-disclosure@siteground.com","",false,false,true,"partial"
"Skoodat","http://www.skoodat.com/security","security@skoodat.com","",false,false,false,""
"Skuid","http://www.skuidify.com/security","infosec@skuid.com","",false,false,false,""
"Sky TV","https://skytv.custhelp.com/app/answers/detail/a_id/1797/~/responsible-disclosure-guidelines","https://skytv.custhelp.com/app/answers/detail/a_id/1797/~/responsible-disclosure-guidelines","",false,false,true,""
"Skyscanner","https://bugcrowd.com/skyscanner","https://bugcrowd.com/skyscanner/report","",true,false,true,"full"
"Slack","https://slack.com/report-vulnerability","https://hackerone.com/slack","",true,false,true,""
"SmartThings","https://bugcrowd.com/smartthings","https://bugcrowd.com/smartthings/report","",false,false,true,"partial"
"Smartsheet","https://hackerone.com/smartsheet","https://hackerone.com/smartsheet","",true,false,true,""
"Smule","https://hackerone.com/smule","","",false,false,true,""
"Snapchat","https://hackerone.com/snapchat","","",true,false,true,""
"Snyk","https://snyk.io/docs/security","report@snyk.io","",true,false,true,"partial"
"Socrata","https://bugcrowd.com/socrata","https://bugcrowd.com/socrata/report","",true,false,true,"partial"
"Solidus","https://hackerone.com/solidus","https://hackerone.com/solidus","",false,false,true,""
"Solve360","https://solve360.com/security-response/","security@norada.com","",false,false,true,""
"Solvinity","https://www.solvinity.com/responsible-disclosure","security@solvinity.com","",false,false,false,"partial"
"Sonatype","http://www.sonatype.com/contact/report-a-security-issue","http://www.sonatype.com/contact/report-a-security-issue","",false,false,false,""
"Sony","https://hackerone.com/sony","","",false,true,true,""
"Sophos","https://bugcrowd.com/sophos","https://bugcrowd.com/sophos/report","",true,false,true,"full"
"SoundCloud","https://bugcrowd.com/soundcloud","https://bugcrowd.com/soundcloud/report","",true,false,true,"full"
"Souq","https://hackerone.com/souq","","",true,false,true,""
"Sphero","https://support.sphero.com/article/5drs94lhk5-vulnerability-disclosure-program","security@sphero.com","",true,true,false,""
"Splendid Data","https://www.splendiddata.com/responsible-disclosure-policy/","security-alert@splendiddata.com","",false,true,false,""
"Splitwise","https://blog.splitwise.com/about/responsible-disclosure-special-thanks/","security@splitwise.com","",false,false,true,""
"Splunk","https://www.splunk.com/goto/report_vulnerabilities","https://www.splunk.com/goto/report_vulnerabilities_global","",false,false,false,""
"Spokeo","https://www.spokeo.com/security","security@spokeo.com","",true,true,true,"partial"
"Spotify","https://www.spotify.com/us/bounty/","https://hackerone.com/spotify","",true,false,true,""
"Sprout Social","https://bugcrowd.com/sproutsocial","https://bugcrowd.com/sproutsocial/report","",false,false,true,"full"
"Square","https://bugcrowd.com/square","https://bugcrowd.com/square/report","",true,false,true,"partial"
"Square Open Source","https://bugcrowd.com/squareopensource","https://bugcrowd.com/squareopensource/report","",true,false,true,"partial"
"Squid Cache (IBB)","https://hackerone.com/ibb-squid-cache","https://hackerone.com/ibb-squid-cache","",true,false,true,""
"Stack Exchange","https://stackexchange.com/about/security","https://stackexchange.com/about/security","",false,false,true,""
"StackPath","https://bugcrowd.com/stackpath","https://bugcrowd.com/stackpath/report","",false,false,true,"partial"
"Stackla","https://support.stackla.com/hc/en-us/articles/115005937887-Reporting-a-possible-security-vulnerability-to-Stackla","security@stackla.com","",false,false,false,""
"Stageclip","http://www.stageclip.com/terms-of-use-and-privacy-policy/","talk@stageclip.com","",false,false,false,""
"Stanford University","https://uit.stanford.edu/security/report-incident","https://uit.stanford.edu/security/report-incident","",false,false,false,""
"Starbucks","https://www.starbucks.com/whitehat","https://hackerone.com/starbucks","",true,false,true,""
"Starling Bank Limited","https://hackerone.com/starling_bank","https://hackerone.com/starling_bank","",false,false,true,"full"
"State of Delaware","https://delaware.gov/help/responsible-disclosure.shtml","https://delaware.gov/help/responsible-disclosure.shtml","",false,false,false,""
"StatusPage.io","https://bugcrowd.com/statuspage","https://bugcrowd.com/statuspage/report","",true,true,true,"full"
"Stellar","https://www.stellar.org/bug-bounty-program/","security@stellar.org","",true,false,true,""
"Stripe","https://stripe.com/docs/security/stripe","security@stripe.com","",true,false,false,""
"Stryker","https://www.stryker.com/us/en/about/governance/cyber-security.html","ProductSecurity@stryker.com","",false,false,false,"partial"
"Studo","https://studo.com/at/security","security@moshbit.com","",true,false,false,"partial"
"Summa","https://www.summa.eu/nl/responsible-disclosure","security@summa.eu","",false,false,true,"full"
"SureVine","https://www.surevine.com/responsible-disclosure-policy/","security@surevine.com","",false,false,true,"partial"
"Sweatco","https://hackerone.com/sweatco_ltd","https://hackerone.com/sweatco_ltd","",false,false,true,""
"Swiftype","https://swiftype.com/security","security@swiftype.com","",false,false,false,"partial"
"Swisscom","https://www.swisscom.ch/en/about/company/portrait/network/security/bug-bounty.html","bug.bounty@swisscom.com","",true,false,false,""
"Symantec","https://www.symantec.com/security-center/vulnerability-management","https://www.symantec.com/security-center/vulnerability-management","",false,false,false,""
"Synack","https://synack.responsibledisclosure.com/hc/en-us","https://synack.responsibledisclosure.com/hc/en-us/requests/new","",false,false,true,""
"TD Ameritrade","https://www.tdameritrade.com/security/security-vulnerability.page","sirt@tdameritrade.com","",false,false,false,""
"TIAA","https://tiaa.responsibledisclosure.com/hc/en-us","https://tiaa.responsibledisclosure.com/hc/en-us/requests/new","",false,false,true,""
"TTS","https://github.com/18F/vulnerability-disclosure-policy/blob/master/vulnerability-disclosure-policy.md","https://hackerone.com/tts","",true,false,true,""
"Take A Lot","https://www.takealot.com/help/responsible-disclosure-policy","security@takealot.com","",false,false,false,"partial"
"Talent Wall","https://talentwall.io/responsible-disclosure/","security@talentwall.io","",false,false,false,"partial"
"Tapatalk","https://tapatalk.com/security.php","https://www.tapatalk.com/security.php","",false,false,false,""
"Tarsnap","https://www.tarsnap.com/bugbounty.html","cperciva@tarsnap.com","",true,false,false,""
"Team Unify","http://www.teamunify.com/__corp__/security.php","security@teamunify.com","",false,false,false,""
"TechSmith","https://www.techsmith.com/security.html","https://www.techsmith.com/security.html","",false,false,false,""
"Tele2","https://www.tele2.nl/thuis/internet/veilig-internetten/stappenplan/","point@tele2.com","",false,false,true,"partial"
"TelefÃ³nica Germany","https://bugcrowd.com/telefonicavdp","https://bugcrowd.com/telefonicavdp/report","",false,false,true,"partial"
"Telekom","https://www.telekom.com/en/corporate-responsibility/data-protection-data-security/security/security/closing-security-gaps-360054","bugbounty@t-mobile.cz","",true,false,true,""
"Telenet","https://www.intigriti.com/public/project/telenet/telenet","https://www.intigriti.com/public/project/telenet/telenet","",false,false,true,"full"
"Tenable","https://www.tenable.com/security/report","vulnreport@tenable.com","",false,false,true,""
"Tencent","http://en.security.tencent.com/","https://en.security.tencent.com/index.php/report/add","",true,false,false,""
"Tendermint","https://hackerone.com/tendermint","","",true,false,false,"full"
"Teradici","https://hackerone.com/teradici","","",false,false,true,""
"Tesla","https://bugcrowd.com/tesla","https://bugcrowd.com/tesla/report","2013-11-26",true,false,true,"partial"
"Tezos","https://tezos.com/bugbounty/","security@tezos.com","",true,false,false,"full"
"The Atlantic","https://www.theatlantic.com/responsible-disclosure-policy/","security@theatlantic.com","",false,false,false,""
"The Dutch Security Cluster","https://www.thehaguesecuritydelta.com/responsible-disclosure","joris.denbruinen@thehaguesecuritydelta.com","",false,false,true,""
"The Internet","https://hackerone.com/internet","","",true,false,true,""
"The Things Network","https://www.thethingsnetwork.org/responsible-disclosure","johan@thethingsnetwork.org","",false,false,true,""
"Thumbtack","https://help.thumbtack.com/article/responsible-disclosure-policy","security@thumbtack.com","",false,false,true,""
"TicketSwap","https://www.ticketswap.com/content/responsible-disclosure","security@ticketswap.com","",false,false,true,"partial"
"Tinder","https://www.gotinder.com/security","security@gotinder.com","",false,false,false,""
"Tinfoil Security","https://hackerone.com/tlon","https://hackerone.com/tlon","",false,false,false,""
"Tlon Corp","https://www.tinfoilsecurity.com/security","security@tinfoilsecurity.com","",true,false,true,""
"TomTom","https://hackerone.com/tomtom","https://hackerone.com/tomtom","",false,false,true,""
"TopDesk","https://www.topdesk.com/us/responsible-disclosure/","security@topdesk.com","",false,false,false,""
"Tor","https://hackerone.com/torproject","","",true,false,true,""
"Toyota","https://hackerone.com/toyota","","",false,false,true,"partial"
"TradingView","https://www.tradingview.com/bounty/","security@tradingview.com","",true,false,false,""
"Transloadit","https://transloadit.com/security/","support@transloadit.com","",false,false,true,""
"Trello","https://bugcrowd.com/trello","https://bugcrowd.com/trello/report","",true,false,true,"full"
"Trend Micro","https://success.trendmicro.com/vulnerability-response","security@trendmicro.com","",false,false,true,""
"Trezor","https://trezor.io/security/","https://trezor.io/security/","",true,false,true,"partial"
"Trint Ltd","https://hackerone.com/trint","https://hackerone.com/trint","",false,false,true,"full"
"Trip Advisor","https://bugcrowd.com/tripadvisor-vdp","https://bugcrowd.com/tripadvisor-vdp/report","",false,false,true,"full"
"Tron Foundation","https://tron.network/findBug","https://hackerone.com/tronfoundation","",true,false,false,"full"
"Trovisio","https://app.trovisio.com/legal?disclosure=disclosure","info@trovisio.com","",false,false,true,""
"Trustpilot","https://hackerone.com/trustpilot","https://hackerone.com/trustpilot","",true,false,true,""
"Tube8","https://hackerone.com/tube8","https://hackerone.com/tube8","",true,false,true,""
"Tuenti","http://corporate.tuenti.com/en/dev/security","https://corporate.tuenti.com/en/contact/security","",false,false,true,""
"Tumblr","https://tumblr.zendesk.com/hc/en-us/articles/234583348-Bug-Bounty-Program","https://www.tumblr.com/support","",true,false,true,""
"Twilio","https://bugcrowd.com/twilio","https://bugcrowd.com/twilio/report","",true,false,true,"full"
"Twintech Solutions","https://twintechsolutions.in/security-research/vulnerability-disclosure/","security@twintechsolutions.in","",false,false,true,""
"Twitch","https://www.twitch.tv/p/security","https://www.twitch.tv/p/security","",false,false,true,""
"Twitter","https://hackerone.com/twitter","","",true,false,true,""
"Twizo","https://www.twizo.com/twizo-responsible-disclosure-policy/","security@twizo.com","",false,false,true,"partial"
"Typo3","https://typo3.org/teams/security/","security@typo3.org","",false,false,false,""
"UMA Project","https://hackerone.com/uma_project","https://hackerone.com/uma_project","",true,false,true,"full"
"UNDER ARMOUR","https://bugcrowd.com/underarmour","https://bugcrowd.com/underarmour/report","",false,false,true,"partial"
"USAA","https://bugcrowd.com/usaa","https://bugcrowd.com/usaa/report","",true,false,true,"partial"
"Uber","https://hackerone.com/uber","","",true,false,true,""
"Ubiquiti Networks","https://hackerone.com/ubnt","","",true,false,true,""
"Udemy","https://support.udemy.com/hc/en-us/articles/229232627-Report-a-Security-Vulnerability","https://hackerone.com/udemy","",true,false,false,""
"UiPath","https://hackerone.com/uipath","https://hackerone.com/uipath","",false,false,true,""
"Umbraco","https://umbraco.com/products/umbraco-cms/security/","security@umbraco.com","",false,false,true,""
"Unikrn","https://hackerone.com/unikrn","","",true,false,true,"partial"
"United Airlines","https://www.united.com/web/en-US/content/contact/bugbounty.aspx","bugbounty@united.com","",true,false,false,""
"United Nations","https://unite.un.org/content/hall-fame","infosec@un.org","",false,false,true,""
"Unity3d","https://unity3d.com/fr/security","security@unity3d.com","",false,false,false,""
"Universiteit Leiden","https://www.staff.universiteitleiden.nl/binaries/content/assets/ul2staff/ict/responsible-disclosure-eng.pdf","abuse@leidenuniv.nl","",false,false,false,"partial"
"University of Twente","https://www.utwente.nl/en/cyber-safety/responsible/","responsible-disclosure@utwente.nl","",false,false,true,""
"Unloq","https://unloq.io/security","https://unloq.io/contact","",false,false,false,""
"Upgrade","https://hackerone.com/upgrade","https://hackerone.com/upgrade","",false,false,true,""
"Upserve","https://upserve.com/security/","https://hackerone.com/upserve","",true,false,true,"full"
"Upwork","https://bugcrowd.com/upwork","https://bugcrowd.com/upwork/report","",true,false,true,"partial"
"Urban Dictionary","https://hackerone.com/urbandictionary","","",false,false,true,""
"Ushahidi","https://www.ushahidi.com/security","security@ushahidi.com","",false,false,false,"partial"
"VHX","https://hackerone.com/vhx","https://hackerone.com/vhx","",true,false,true,"partial"
"VI Company","https://www.vicompany.nl/legal/responsible-disclosure","support@vicompany.nl","",true,false,false,"partial"
"VK.com","https://hackerone.com/vkcom","","",true,false,true,""
"Valve","https://hackerone.com/valve","","",true,false,true,""
"Vanilla","https://hackerone.com/vanilla","","",true,false,true,""
"Vend","https://www.vendhq.com/us/pos-security","https://hackerone.com/vend","",false,false,true,""
"VeraCrypt","https://hackerone.com/ibb-veracrypt","","",true,false,true,""
"Verizon","https://www.verizon.com/info/reportsecurityissue/?c=2","https://hackerone.com/verizonmedia","",true,false,true,"full"
"VersionCake","https://hackerone.com/versioncake","","",false,false,true,""
"Viadeo","http://www.viadeo.com/en/securite","security@viadeo.com","",false,false,true,""
"Vimeo","https://hackerone.com/vimeo","https://hackerone.com/vimeo","",true,false,true,"partial"
"Visma","https://www.visma.com/trust-centre/smb/security-and-privacy/operational/responsible-disclosure/","responsible-disclosure@visma.com","",false,false,true,"partial"
"Vivy","https://hackerone.com/vivy","https://hackerone.com/vivy","",false,false,true,"full"
"Voatz","https://hackerone.com/voatz","","",true,false,true,"full"
"Vodafone","https://www.vodafone.nl/over-deze-website/privacy-en-disclaimer/report-security-leak.shtml","https://www.vodafone.nl/over-deze-website/privacy-en-disclaimer/report-security-leak.shtml","",false,false,false,""
"Voys","https://www.voys.nl/security-responsible-disclosure/#rd","security@wearespindle.com","",false,false,true,"partial"
"Vyond","https://help.vyond.com/hc/en-us/articles/360000497723-How-do-I-Report-a-Security-Vulnerability-","security@vyond.com","",false,false,true,"partial"
"WP Engine","https://bugcrowd.com/wpengine","https://bugcrowd.com/wpengine","",false,false,true,"partial"
"Wagwalking","https://wagwalking.com/responsible-disclosure","security@wagwalking.com","",true,true,true,"partial"
"Wakatime","https://hackerone.com/wakatime","","",false,false,true,""
"Walmart","https://corporate.walmart.com/privacy-security","https://corporate.walmart.com/article/responsible-disclosure-policy","",true,false,false,"partial"
"Wamba","http://corp.wamba.com/en/developer/security/#form","http://corp.wamba.com/en/developer/security/#form","",true,false,false,""
"Warden","https://warden.co/pages/security/","hello@warden.co","",true,false,false,"partial"
"WeTransfer","https://wetransfer.com/legal/disclosure","https://app.zerocopter.com/rd/db5b132c-2029-4a24-a7b5-7135502603f2","",true,false,false,"partial"
"Webconverger","http://webconverger.org/security/","http://webconverger.org/security/","",false,false,true,""
"Weblate","https://hackerone.com/weblate","","",false,false,true,""
"Wefact","https://www.wefact.nl/security/","helpdesk@wefact.nl","",true,false,true,"partial"
"Wepay","https://hackerone.com/wepay","","",true,false,true,""
"Western Union","https://bugcrowd.com/westernunion","https://bugcrowd.com/westernunion/report","",true,false,true,"partial"
"Whmcs","https://bugcrowd.com/whmcs","https://bugcrowd.com/whmcs/report","",true,false,true,"partial"
"Wickr","https://wickr.com/security/bug-bounty/","bugbounty@wickr.com","",true,false,false,""
"Wordfence","https://www.wordfence.com/security/","security@wordfence.com","",false,false,false,""
"Wordpoints","https://hackerone.com/wordpoints","","",true,false,true,""
"Wordpress","https://wordpress.org/about/security/","https://hackerone.com/wordpress","",false,false,false,""
"Workgaps","https://www.workgaps.com/disclosure-policy","security@workgaps.com","",true,false,false,"full"
"Workmarket","https://www.workmarket.com/security","security@workmarket.com","",false,false,false,""
"Xen Project","https://www.xenproject.org/security-policy.html","security@xenproject","",false,false,false,""
"Xerox","https://www.xerox.com/perl-bin/formeng.pl?form=product_security_information_request_7285","https://www.xerox.com/perl-bin/formeng.pl?form=product_security_information_request_7285","",false,false,false,""
"Xfinity","https://my.xfinity.com/vulnerabilityreport","https://my.xfinity.com/vulnerabilityreport","",false,false,false,""
"Xilinx","https://hackerone.com/xilinx","https://hackerone.com/xilinx","",false,false,true,"full"
"Xing","https://www.xing.com/rfc-2350.txt","","",false,false,false,""
"Yammer","https://technet.microsoft.com/en-us/security/dn800983","https://technet.microsoft.com/en-us/security/dn800983","",true,false,false,""
"Yandex","https://yandex.com/bugbounty/report/","https://yandex.com/bugbounty/report/","",true,false,true,""
"Yelp","https://hackerone.com/yelp","","",true,false,true,""
"Yesware","https://www.yesware.com/security/","security@yesware.com","",false,false,true,"partial"
"You Need a Budget (YNAB)","https://bugcrowd.com/ynab","https://bugcrowd.com/ynab/report","",true,false,true,"full"
"YouPorn","https://hackerone.com/youporn","","",true,false,true,""
"ZEIT","https://hackerone.com/zeit","https://hackerone.com/zeit","",false,false,true,"full"
"Zarx","https://www.zarx.co.za/rights/terms-and-conditions","info@zarx.co.za","",false,false,false,"partial"
"Zendesk","https://www.zendesk.de/company/policies-procedures/responsible-disclosure-policy/","https://hackerone.com/zendesk_connect","",true,false,true,""
"Zero Disclo","https://zerodisclo.com/","https://zerodisclo.com/","",false,false,false,"partial"
"Zerocopter","https://www.zerocopter.com/en/responsible-disclosure","https://app.zerocopter.com/rd/c83a1fda-b73a-4556-962e-a2bcacb8eb8d","",false,false,false,"partial"
"Zetetic","https://www.zetetic.net/security/","support@zetetic.net","",false,false,false,""
"Zilliqa","https://bugcrowd.com/zilliqa","https://bugcrowd.com/zilliqa/report","",true,false,true,"full"
"Zimbra","https://wiki.zimbra.com/wiki/Zimbra_Responsible_Disclosure_Policy","https://wiki.zimbra.com/wiki/Security_Center","",false,false,true,""
"Zoho","https://bugbounty.zoho.com/bb/info#guide","https://bugbounty.zoho.com/submit","",true,false,true,""
"Zomato","https://www.zomato.com/security","security@zomato.com","",true,false,true,"full"
"Zscaler","https://www.zscaler.com/company/vulnerability-disclosure-program","https://www.zscaler.com/vulnerability-disclosure-form","",false,false,false,""
"Zynga Whitehat","https://bugcrowd.com/zynga-vdp","https://bugcrowd.com/zynga-vdp/report","",false,false,true,"partial"
